ID,Branch,Name,Dialog,Image_L,LeftOpacity,isShake_L,Image_R,RightOpacity,isShake_R,BGImage,isCameraShake,IsChoice,ChoiceTo,HP,BGM,SFX,MiddleImage,Effect,Etc
0,-1,,마르고 화창한 하늘 아래,-1,-1,-1,-1,-1,-1,지상 이미지,-1,-1,-1,-1,-1,-1,-1,-1,-1
1,-1,,오늘도 하나의 탐험가 파티가 결성된다.,-1,-1,-1,-1,-1,-1,-1,-1,-1,-1,-1,-1,-1,-1,-1,-1
2,-1,남자 탐험가A,야 신입!!! 뭐해!!!!,-1,-1,-1,mob1,1,1,-1,-1,-1,-1,-1,-1,-1,-1,-1,-1
3,-1,서연,네! 넵. 지금 갑니다! 가요!,suyeon1,1,1,0,-1,-1,-1,-1,-1,-1,-1,-1,-1,-1,-1,-1
4,-1,,서연은 부랴부랴 짐을 챙기며 다른 탐험가들을 뒤따랐다.,0,-1,-1,-1,-1,-1,-1,-1,-1,-1,-1,-1,-1,-1,-1,-1
5,-1,남자 탐험가B,와... 이렇게 굼떠도 되는 거야?,-1,-1,-1,mob2,1,-1,-1,-1,-1,-1,-1,-1,-1,-1,-1,-1
6,-1,여자 탐험가A,굳이굳이 따라오겠다는데 어떻게 해...,-1,-1,-1,여자탐험가A,1,-1,-1,-1,-1,-1,-1,-1,-1,-1,-1,-1
7,-1,남자 탐험가B,짐꾼으로도 못 쓸 정도는 재능이 없다의 수준이 아닌데...,-1,-1,-1,mob2,1,-1,-1,-1,-1,-1,-1,-1,-1,-1,-1,-1
8,-1,,탐험가들은 나름 자기들끼리 숙덕거리려는 듯 보였지만 대화 내용은 거의 다 서연의 귀에 들어왔다.,-1,-1,-1,0,-1,-1,-1,-1,2,-1,-1,-1,-1,-1,-1,-1
9,-1,,얼른 따라가자.,-1,-1,-1,-1,-1,-1,-1,-1,-1,11,-1,-1,-1,-1,-1,-1
10,-1,,그렇게 싫으면 떠나주지.,-1,-1,-1,-1,-1,-1,-1,-1,-1,9,-1,-1,-1,-1,-1,-1
11,-1,,서연은 들으라는 듯한 말에도 꿋꿋히 4인분의 짐을 챙겨들고 무리에 합류했다.,-1,-1,-1,-1,-1,-1,-1,-1,-1,-1,-1,-1,-1,-1,-1,-1
12,-1,서연,이번 던전! 잘부탁드립니다! 선배님들!,suyeon1,1,1,-1,-1,-1,-1,-1,-1,-1,-1,-1,-1,-1,-1,-1
13,-1,,서연의 당돌한 외침에 다른 탐험가들은 내키지 않는다는 표정으로 뒤돌아 섰다.,0,-1,-1,0,-1,-1,-1,-1,-1,-1,-1,-1,-1,-1,-1,-1
14,-1,,하지만 어쩌겠는가. F급 탐험가는 이렇게라도 실적을 쌓아야 하는 법이다.,-1,-1,-1,-1,-1,-1,-1,-1,-1,-1,-1,-1,-1,-1,-1,-1
15,-1,,,-1,-1,-1,-1,-1,-1,던전 입구,-1,-1,-1,-1,-1,-1,-1,-1,-1
16,-1,,F급.,-1,-1,-1,-1,-1,-1,-1,-1,-1,-1,-1,-1,-1,-1,-1,-1
17,-1,,실력이 너무 부족한 탓에 협회에서 보호 차원에서 새겨진 등급.,-1,-1,-1,-1,-1,-1,-1,-1,-1,-1,-1,-1,-1,-1,-1,-1
18,-1,,취지는 분명 위험한 던전에 잘못 들어가 사망하는 상황을 방지하기 위한 것이었다.,-1,-1,-1,-1,-1,-1,-1,-1,-1,-1,-1,-1,-1,-1,-1,-1
19,-1,,C급 이상의 모험가 2명이 포함된 4급 파티에 소속되어야만 던전에 입장할 수 있는 F급...,-1,-1,-1,-1,-1,-1,-1,-1,-1,-1,-1,-1,-1,-1,-1,-1
20,-1,,하지만 인맥도 없는 F급을 받아줄 파티를 찾는 것은 사막에서 바늘찾기나 다름 없었다.,-1,-1,-1,-1,-1,-1,-1,-1,-1,-1,-1,-1,-1,-1,-1,-1
21,-1,남자 탐험가B,"""조사""는 아직이야? 기다리다 목빠지겠다고...",남자탐험가B,1,-1,-1,-1,-1,-1,-1,-1,-1,-1,-1,-1,-1,-1,-1
22,-1,남자 탐험가A,좀 기다려 봐...,-1,-1,-1,mob1,1,-1,-1,-1,-1,-1,-1,-1,-1,-1,-1,-1
23,-1,,"탐험가는 각각 사용할 수 있는 여러 ""스킬""들이 존재한다.",0,-1,-1,0,-1,-1,-1,-1,-1,-1,-1,-1,-1,-1,-1,-1
24,-1,,"이를테면  ""조사"". ",-1,-1,-1,-1,-1,-1,-1,-1,-1,-1,-1,-1,-1,-1,-1,-1
25,-1,,"""조사""는 특수한 물건이나 구조물의 구성을 대략적으로 살펴보는 스킬이다. ",-1,-1,-1,-1,-1,-1,-1,-1,-1,-1,-1,-1,-1,-1,-1,-1
26,-1,남자 탐험가A,뭐야 이거? 왜 갑자기 조사가 안돼?,남자탐험가A,1,-1,-1,-1,-1,-1,-1,-1,-1,-1,-1,-1,-1,-1,-1
27,-1,,남자는 끙끙 거리며 눈앞에 있는 요상한 모양의 석상을 이리저리 살펴보고 있었다. ,0,-1,-1,cat_statue,1,1,-1,-1,-1,-1,-1,-1,-1,-1,-1,-1
28,-1,,남자는 뭔가 잘못하고 있는게 분명하다. 어떻게 하지?,suyeon1,1,-1,0,-1,-1,-1,-1,2,-1,-1,-1,-1,-1,-1,-1
29,-1,,나서서 조사 스킬을 사용해본다.,-1,-1,-1,-1,-1,-1,-1,-1,-1,31,-1,-1,-1,-1,-1,-1
30,-1,,가만히 있는다.,-1,-1,-1,-1,-1,-1,-1,-1,-1,41,-1,-1,-1,-1,-1,-1
31,-1,서연,제가 도와드릴게요!,suyeon1,1,1,-1,-1,-1,-1,-1,-1,-1,-1,-1,-1,-1,-1,-1
32,-1,,서연이 호기롭게 남자 탐험가의 앞에 서선 요상한 석상에 조사 스킬을 사용해본다.,-1,-1,-1,-1,-1,-1,-1,-1,-1,-1,-1,-1,-1,-1,-1,-1
33,-1,,결과는 빠르게 돌출됐지만 서연은 그 사이에 무거운 침묵이 내려 앉은걸 눈치채지 못했었다. ,-1,-1,-1,-1,-1,-1,-1,-1,-1,-1,-1,-1,-1,-1,-1,-1
34,-1,남자 탐험가A,야. F급.,-1,-1,-1,mob1,1,-1,-1,-1,-1,-1,-1,-1,-1,-1,-1,-1
35,-1,서연,네. 네?,suyeon1,1,-1,-1,-1,-1,-1,-1,-1,-1,-1,-1,-1,-1,-1,-1
36,-1,,다른 탐험가들이 숨을 죽이고 둘을 바라보고 있었다.,-1,-1,-1,-1,-1,-1,-1,-1,-1,-1,-1,-1,-1,-1,-1,-1
37,-1,남자 탐험가A,너 미쳤냐? 갑자기 왜 끼어들고 난리야.,-1,-1,-1,mob1,1,-1,-1,-1,-1,-1,-1,-1,-1,-1,-1,-1
38,-1,서연,네? 그게... 아니.... 그. 잠깐만요!!,suyeon1,1,-1,-1,-1,-1,-1,-1,-1,-1,-1,-1,-1,-1,-1,-1
39,-1,,서연이 당황하는 사이에 남자가 성큼 다가왔다. ,0,-1,-1,mob1,1,1,-1,-1,-1,-1,-1,-1,-1,-1,-1,-1
40,-1,서연,거. 거긴 위험...!,suyeon1,1,-1,-1,-1,-1,-1,-1,-1,-1,-1,-1,-1,-1,-1,-1
41,-1,,남자가 근처 바닥을 밟자 철컥 거리며 무언가 작동하는 소리가 울렸다.,0,-1,-1,-1,-1,-1,-1,-1,-1,-1,-1,-1,-1,-1,-1,-1
42,-1,남자 탐험가A,어? 뭐. 뭐야 이...,-1,-1,-1,mob1,1,1,-1,-1,-1,-1,-1,-1,-1,-1,-1,-1
43,-1,,우르릉. 거리는 불길한 소리가 던전안을 가득 채워간다.,0,-1,-1,-1,-1,-1,-1,-1,-1,-1,-1,-1,-1,-1,-1,-1
44,-1,,남자가 이상함을 느꼈을 땐 이미 발 아래가 새카맣게 물든 뒤였다. ,-1,-1,-1,-1,-1,-1,-1,-1,-1,-1,-1,-1,-1,-1,-1,-1
45,-1,남자 탐험가A,으아아아!!!!,-1,-1,-1,mob1,1,1,-1,-1,-1,-1,-1,-1,-1,-1,-1,-1
46,-1,,거대한 균열이 남자를 삼켜버렸고 나머지 사람들의 요란한 비명도 곧 끊겼다.,-1,-1,-1,-1,-1,-1,-1,-1,-1,-1,-1,-1,-1,-1,-1,-1
47,-1,,그들도 뒤를 따른 것이었다. ,-1,-1,-1,-1,-1,-1,-1,-1,-1,-1,-1,-1,-1,-1,-1,-1
48,-1,서연,힉. 히익...!,suyeon1,1,1,-1,-1,-1,-1,-1,-1,-1,-1,-1,-1,-1,-1,-1
49,-1,,서연은 이제 곧 자신의 차례임을 직감했다. ,-1,-1,-1,-1,-1,1,-1,-1,-1,-1,-1,-1,-1,-1,-1,-1
50,-1,,이곳은 출구와는 먼 곳이었고 눈앞에선 거대한 뱀이 다가오듯 빠르게 바닥의 균열이 넓어지고 있었다.,-1,-1,-1,-1,-1,-1,-1,-1,-1,-1,-1,-1,-1,-1,-1,-1
51,-1,,곧 몸이 공중에 뜬 순간 서연은 죽음을 각오했다. 삶을 포기했다는 것이 더 정확하겠지만. ,-1,-1,-1,-1,-1,-1,검은화면,-1,-1,-1,-1,-1,-1,-1,-1,-1
52,-1,,그 순간 무언가가 품에 들어왔다. ,-1,-1,-1,-1,-1,-1,-1,-1,-1,-1,-1,-1,-1,-1,-1,-1
53,-1,요상한 석상,우웅- 웅....,-1,-1,-1,cat_statue,1,-1,-1,-1,-1,-1,-1,-1,-1,-1,-1,-1
54,-1,요상한 석상,웅- 웅-!,-1,-1,-1,눈에 불이 들어온 고양이 석상,1,1,-1,-1,-1,-1,-1,-1,-1,-1,-1,-1
55,-1,서연,이건...,suyeon1,1,-1,-1,-1,-1,-1,-1,-1,-1,-1,-1,-1,-1,-1,-1
56,-1,,정신없는 추락의 순간에 어느세 자신의 품으로 떨어진 석상을 끌어안았다.,0,-1,-1,-1,-1,-1,-1,-1,-1,-1,-1,-1,-1,-1,-1,-1
57,-1,,석상에 걸린 마법이 자신을 구해주기를$ 서연은 지푸라기 라도 잡는 심정으로 바랬다.,-1,-1,-1,-1,-1,-1,-1,-1,-1,-1,-1,-1,-1,-1,-1,-1
58,-1,,,-1,-1,-1,-1,-1,-1,어두운 던전,-1,-1,-1,-1,-1,-1,-1,-1,-1
59,-1,서연,...,suyeon1,1,-1,-1,-1,-1,-1,-1,-1,-1,-1,-1,-1,-1,-1,-1
60,-1,서연,....,suyeon1,1,-1,-1,-1,-1,-1,-1,-1,-1,-1,-1,-1,-1,-1,-1
61,-1,서연,...끄응.,suyeon1,1,1,-1,-1,-1,-1,-1,-1,-1,-1,-1,-1,-1,-1,-1
62,-1,,서연은 몸을 뒤척였다. ,0,-1,-1,-1,-1,-1,-1,-1,-1,-1,-1,-1,-1,-1,-1,-1
63,-1,,곧 자신이 누워있는 곳이 침대가 아니란 것을 깨닫자 퍼뜩 정신을 차렸다.,-1,-1,-1,-1,-1,-1,-1,-1,-1,-1,-1,-1,-1,-1,-1,-1
64,-1,서연,...!!!!!!,suyeon1,1,-1,-1,-1,-1,-1,-1,-1,-1,-1,-1,-1,-1,-1,-1
65,-1,,몸을 일으키자마자 잊고있던 마지막 순간이 떠올랐다. 비명$ 붕괴$ 이상한 석상$ 그리고 빛...,0,-1,-1,-1,-1,-1,-1,-1,-1,-1,-1,-1,-1,-1,-1,-1
66,-1,요상한 석상,우웅-!! 우우웅--!!!,눈에 불이 들어온 고양이 석상,1,1,-1,-1,-1,-1,-1,-1,-1,-1,-1,-1,-1,-1,-1
67,-1,서연,으아악!!!! ,suyeon1,1,-1,-1,-1,-1,-1,-1,-1,-1,-1,-1,-1,-1,-1,-1
68,-1,,뒤늦게서야 서연은 옆에 널부러져 있던 석상을 눈치챘다. ,-1,-1,-1,-1,-1,-1,-1,-1,-1,-1,-1,-1,-1,-1,-1,-1
69,-1,요상한 석상,웅- 웅-,눈에 불이 들어온 고양이 석상,1,-1,-1,-1,-1,-1,-1,-1,-1,-1,-1,-1,-1,-1,-1
70,-1,요상한 석상,웅-... ,눈에 불이 들어온 고양이 석상,1,-1,-1,-1,-1,-1,-1,-1,-1,-1,-1,-1,-1,-1,-1
71,-1,요상한 석상,...,고양이 석상,1,-1,-1,-1,-1,-1,-1,-1,-1,-1,-1,-1,-1,-1,-1
72,-1,,고양이 석상은 금방 빛을 잃고 침묵했다. ,0,-1,-1,-1,-1,-1,-1,-1,-1,-1,-1,-1,-1,-1,-1,-1
73,-1,서연,으으아... 깜짝아... 폭발이라도 하는 줄 알았네. ,suyeon1,1,-1,-1,-1,-1,-1,-1,-1,-1,-1,-1,-1,-1,-1,-1
74,-1,서연,이 석상은 대체 정체가...,suyeon1,1,-1,-1,-1,-1,-1,-1,-1,-1,-1,-1,-1,-1,-1,-1
75,-1,,서연은 석상을 자신앞에 두고 제대로 조사 스킬을 사용해본다.,-1,-1,-1,-1,-1,-1,-1,-1,-1,-1,-1,-1,-1,-1,-1,-1
76,-1,서연,위험요소는 없음...,suyeon1,1,-1,-1,-1,-1,-1,-1,-1,-1,-1,-1,-1,-1,-1,-1
77,-1,서연,미확인 소재에...,suyeon1,1,-1,-1,-1,-1,-1,-1,-1,-1,-1,-1,-1,-1,-1,-1
78,-1,서연,특이사항은...,suyeon1,1,-1,-1,-1,-1,-1,-1,-1,-1,-1,-1,-1,-1,-1,-1
79,-1,,서연은 뜻밖의 내용에 화들짝 놀란듯 눈을 크게 뜬다. ,-1,-1,1,-1,-1,-1,-1,-1,-1,-1,-1,-1,-1,-1,-1,-1
80,-1,서연,운명을... 거역한다...?,suyeon1,1,-1,-1,-1,-1,-1,-1,-1,-1,-1,-1,-1,-1,-1,-1
81,-1,,조사 스킬은 모든것을 밝혀내주는 스킬이 아니다. ,0,-1,-1,-1,-1,-1,-1,-1,-1,-1,-1,-1,-1,-1,-1,-1
82,-1,,사용자가 양식을 규약한 방향대로 적절한 값을 읽어내어 알려주는 것 뿐...,-1,-1,-1,-1,-1,-1,-1,-1,-1,-1,-1,-1,-1,-1,-1,-1
83,-1,,이렇게 모호한 설명이 돌출되는 것은 인지를 초월한 무언가를 뜻하는 것이다.,-1,-1,-1,-1,-1,-1,-1,-1,-1,-1,-1,-1,-1,-1,-1,-1
84,-1,,F급은 물론 S급 인원을 여럿 대동해야 하는 불확실성을 지녔다는 뜻...,-1,-1,-1,-1,-1,-1,-1,-1,-1,-1,-1,-1,-1,-1,-1,-1
85,-1,,쉽게 말하면 폭탄과 다를것이 없다는 것이었다.,-1,-1,-1,-1,-1,-1,-1,-1,-1,-1,-1,-1,-1,-1,-1,-1
86,-1,서연,... 일단은 챙겨두자.,suyeon1,1,-1,-1,-1,-1,-1,-1,-1,-1,-1,-1,-1,-1,-1,-1
87,-1,,하지만 서연은 그걸 냅다 자신의 탐험 가방에 넣어버렸다.,-1,-1,-1,-1,-1,-1,-1,-1,-1,-1,-1,-1,-1,-1,-1,-1
88,-1,,F급은 그런 정보를 접할 기회조차 많지 않은게 현실이었으니. ,-1,-1,-1,-1,-1,-1,-1,-1,-1,-1,-1,-1,-1,-1,-1,-1
89,-1,서연,후- 그러면 이제... 여긴 어디지?,suyeon1,1,-1,-1,-1,-1,-1,-1,-1,-1,-1,-1,-1,-1,-1,-1
90,-1,,서연은 고개를 들어 주변을 둘러보았다. ,0,-1,-1,-1,-1,-1,-1,-1,-1,-1,-1,-1,-1,-1,-1,-1
91,-1,,주변은 떨어지기 직전에 본 던전의 풍경과 비슷해보였다. ,-1,-1,-1,-1,-1,-1,-1,-1,-1,-1,-1,-1,-1,-1,-1,-1
92,-1,,어딘진 모르겠지만 추락을 통해 이곳에 오게됐으니 서연은 막연히 던전의 최심부라 추측할 뿐이었다.,-1,-1,-1,-1,-1,-1,-1,-1,-1,-1,-1,-1,-1,-1,-1,-1
93,-1,,다만 좀 더 활기가 있어보이는 느낌이랄까? ,-1,-1,-1,-1,-1,-1,-1,-1,-1,-1,-1,-1,-1,-1,-1,-1
94,-1,서연,잘 모르겠네...,suyeon1,1,-1,-1,-1,-1,-1,-1,-1,-1,-1,-1,-1,-1,-1,-1
95,-1,서연,으음...,suyeon1,1,-1,-1,-1,-1,-1,-1,-1,-1,-1,-1,-1,-1,-1,-1
96,-1,서연,일단 움직이자. 던전안의 몬스터들이 올지도-,suyeon1,1,-1,-1,-1,-1,-1,-1,-1,-1,-1,-1,-1,-1,-1,-1
97,-1,서연,히익!?,suyeon1,1,1,-1,-1,-1,-1,-1,-1,-1,-1,-1,-1,-1,-1,-1
98,-1,,말하는 와중에 어디선가 자신의 것이 아닌 인기척을 느꼈다. ,-1,-1,-1,-1,-1,-1,-1,-1,-1,-1,-1,-1,-1,-1,-1,-1
99,-1,,발소리인지 바람소리인지 물소리인지 구분할 수는 없었지만.,-1,-1,-1,-1,-1,-1,-1,-1,-1,-1,-1,-1,-1,-1,-1,-1
100,-1,,여하튼 그것이 거리를 좁혀오는게 느껴졌다. ,-1,-1,-1,-1,-1,-1,-1,-1,-1,-1,-1,-1,-1,-1,-1,-1
101,-1,,어쩌지?,0,-1,-1,-1,-1,-1,-1,-1,3,-1,-1,-1,-1,-1,-1,-1
102,-1,,다른 생존자일지 모른다. 기다린다.,-1,-1,-1,-1,-1,-1,-1,-1,-1,114,-1,-1,-1,-1,-1,-1
103,-1,,던전 몬스터다! 도망쳐야 한다!,-1,-1,-1,-1,-1,-1,-1,-1,-1,(B루트로),-1,-1,-1,-1,-1,-1
104,-1,,순순히 당할수는 없다. ,-1,-1,-1,-1,-1,-1,-1,-1,-1,105,-1,-1,-1,-1,-1,-1
105,-1,,서연은 호신용으로 가져온 테이저 건을 꺼내들었다. ,suyeon1,1,-1,-1,-1,-1,-1,-1,-1,-1,-1,-1,-1,-1,-1,-1
106,-1,,던전 내에는 몬스터도 분명 존재하는 법이다. F급이 무기 하나 들고가지 않는건 수지에 맞지 않았다.,-1,-1,-1,-1,-1,-1,-1,-1,-1,-1,-1,-1,-1,-1,-1,-1
107,-1,,코너에 등을 붙인 서연은 공포로 시야가 좁아지고 피가 빨리 돌기 시작하는게 느껴졌다.,-1,-1,-1,-1,-1,-1,-1,-1,-1,-1,-1,-1,-1,-1,-1,-1
108,-1,서연,...이야아압!!!!,suyeon1,1,1,-1,-1,-1,-1,-1,-1,-1,-1,-1,-1,-1,-1,-1
109,-1,,서연은  인기척의 주인을 향해 테이저건을 들이밀었지만...,-1,-1,-1,-1,-1,-1,-1,-1,-1,-1,-1,-1,-1,-1,-1,-1
110,-1,,아무런 일도 일어나지 않았다. ,-1,-1,-1,-1,-1,-1,-1,-1,-1,-1,-1,-1,-1,-1,-1,-1
111,-1,,서연은 그제서야 머릿속에 기본 탐험가 교육을 받는 장면이 스쳤다. ,-1,-1,1,-1,-1,-1,-1,-1,-1,-1,-1,-1,-1,-1,-1,-1
112,-1,,"""모든 장비의 정기적인 정비는 기본입니다."" 서연의 장비는 기본적인 정비를 받지 않았다.",0,-1,-1,-1,-1,-1,-1,-1,-1,-1,-1,-1,-1,-1,-1,-1
113,-1,???,붕-,-1,-1,-1,고양이0,1,-1,-1,-1,-1,-1,-1,-1,-1,-1,-1,-1
114,-1,,도망쳐 보려고는 했지만 서연의 몸은 순식간에 엎드려져 제압 당하고 만다.,-1,-1,-1,0,-1,-1,-1,1,-1,-1,-1,-1,-1,-1,-1,-1
115,-1,,등에는 괴물의 묵직한 발이 테이저를 든 팔을 짖누르고 있었다.,-1,-1,-1,-1,-1,-1,-1,-1,-1,-1,-1,-1,-1,-1,-1,-1
116,-1,,이제 끝인거다. F급에서 벗어나지도 못하고 이대로 이 말랑한 괴물의 발과 함께....,-1,-1,-1,-1,-1,-1,-1,-1,-1,-1,-1,-1,-1,-1,-1,-1
117,-1,,... 말랑?,-1,-1,-1,-1,-1,-1,-1,-1,-1,-1,-1,-1,-1,-1,-1,-1
118,-1,???,뭐냐. 인간인가.,-1,-1,-1,고양이0,1,-1,-1,-1,-1,-1,-1,-1,-1,-1,-1,-1
119,-1,서연,...어..?,suyeon1,1,1,-1,-1,-1,-1,-1,-1,-1,-1,-1,-1,-1,-1,-1
120,-1,,순식간에 무게가 사라지자 서연은 몸을 돌렸다. ,-1,-1,-1,-1,-1,-1,-1,-1,-1,-1,-1,-1,-1,-1,-1,-1
121,-1,,그곳에 서있는건 분명히 사람의 형상이었지만...,-1,-1,-1,0,-1,-1,-1,-1,-1,-1,-1,-1,-1,-1,-1,-1
122,-1,,얼굴은 너무나 친숙한... 고양이었다. ,-1,-1,-1,-1,-1,-1,-1,-1,-1,-1,-1,-1,-1,-1,-1,-1
123,-1,고양이?,인간 같은게 대체 여기서 뭘 하고 있는거냐.,-1,-1,-1,cat1,1,-1,-1,-1,-1,-1,-1,-1,-1,-1,-1,-1
124,-1,서연,예? 어... 아니... ,suyeon1,1,1,-1,-1,-1,-1,-1,-1,-1,-1,-1,-1,-1,-1,-1
125,-1,고양이?,복장이 좀 특이한걸 보면... 보물을 노리는 족속인가.,-1,-1,-1,cat1,1,-1,-1,-1,-1,-1,-1,-1,-1,-1,-1,-1
126,-1,고양이?,아서라. 신이란 놈들은 되먹지 못한놈들 뿐이라 화만 입는다. ,-1,-1,-1,cat1,1,-1,-1,-1,-1,-1,-1,-1,-1,-1,-1,-1
127,-1,서연,아니 그...,suyeon1,1,-1,-1,-1,-1,-1,-1,-1,-1,-1,-1,-1,-1,-1,-1
128,-1,고양이?,음? 근데 네놈은...,-1,-1,-1,cat1,1,-1,-1,-1,-1,-1,-1,-1,-1,-1,-1,-1
129,-1,,서연이 당황하는 사이에 눈앞에 있는 고양이 몬스터가 얼굴을 들이밀었다. ,-1,-1,-1,-1,-1,1,-1,-1,-1,-1,-1,-1,-1,-1,-1,-1
130,-1,,코끝이 움찔거리는 것이 정말 자신이 아는 고양이 그 자체였다.,-1,-1,-1,-1,-1,-1,-1,-1,-1,-1,-1,-1,-1,-1,-1,-1
131,-1,,게다가 이게 몬스터라면... 보통 몬스터가 말도 하던가...?,-1,-1,-1,-1,-1,-1,-1,-1,-1,-1,-1,-1,-1,-1,-1,-1
132,-1,,특이한 외형의 탐험가...? ,-1,-1,-1,-1,-1,-1,-1,-1,-1,-1,-1,-1,-1,-1,-1,-1
133,-1,서연,저기... 제가 보물을 노리고 있는건 맞는데요...,suyeon1,1,-1,-1,-1,-1,-1,-1,-1,-1,-1,-1,-1,-1,-1,-1
134,-1,고양이?,흠... 뭔가 이상한데.,-1,-1,-1,cat1,1,-1,-1,-1,-1,-1,-1,-1,-1,-1,-1,-1
135,-1,서연,일단은 상황이 상황이라 여러모로 곤란한데요....,suyeon1,1,-1,-1,-1,-1,-1,-1,-1,-1,-1,-1,-1,-1,-1,-1
136,-1,고양이?,그런가.,-1,-1,-1,cat1,1,-1,-1,-1,-1,-1,-1,-1,-1,-1,-1,-1
137,-1,서연,네...,suyeon1,1,-1,-1,1,-1,-1,-1,-1,-1,-1,-1,-1,-1,-1,-1
138,-1,,일단 대답은 해주는구나. 말이 통하는 것에 서연은 안도했다.,-1,-1,-1,-1,-1,-1,-1,-1,-1,-1,-1,-1,-1,-1,-1,-1
139,-1,고양이?,...그래서?,-1,-1,-1,cat1,1,-1,-1,-1,-1,-1,-1,-1,-1,-1,-1,-1
140,-1,서연,네?,suyeon1,1,-1,-1,-1,-1,-1,-1,-1,-1,-1,-1,-1,-1,-1,-1
141,-1,고양이?,그래서 뭐.,-1,-1,-1,cat1,1,-1,-1,-1,-1,-1,-1,-1,-1,-1,-1,-1
142,-1,서연,어...,suyeon1,1,1,-1,-1,-1,-1,-1,-1,-1,-1,-1,-1,-1,-1,-1
143,-1,서연,...도와 달라는.. 뜻?,suyeon1,1,-1,-1,-1,-1,-1,-1,-1,-1,-1,-1,-1,-1,-1,-1
144,-1,고양이?,흠...,-1,-1,-1,cat1,1,-1,-1,-1,-1,-1,-1,-1,-1,-1,-1,-1
145,-1,고양이?,그렇군. 잘해보도록.,-1,-1,-1,cat1,1,-1,-1,-1,-1,-1,-1,-1,-1,-1,-1,-1
146,-1,,무심하게도 몸을 일으켜 돌아갈려는 고양이의 뒷모습을 보자마자 서연은 화들짝 놀랐다.,-1,-1,1,0,-1,-1,-1,-1,-1,-1,-1,-1,-1,-1,-1,-1
147,-1,서연,저기요!!! 사람이 위험하다니까요??,suyeon1,1,1,-1,-1,-1,-1,-1,-1,-1,-1,-1,-1,-1,-1,-1
148,-1,고양이?,...그래서 어쩌라는 거지?,-1,-1,-1,cat1,1,-1,-1,-1,-1,-1,-1,-1,-1,-1,-1,-1
149,-1,서연,진짜 인정없이 굴거에요??? ,suyeon1,1,-1,-1,-1,-1,-1,-1,-1,-1,-1,-1,-1,-1,-1,-1
150,-1,서연,그보다 이거 위법이거든요??? 착한 사마귀법 몰라요???,suyeon1,1,1,-1,-1,-1,-1,-1,-1,-1,-1,-1,-1,-1,-1,-1
151,-1,고양이?,진심으로 나한테 인간들의 법을 지키라는거냐?,-1,-1,-1,cat1,1,-1,-1,-1,-1,-1,-1,-1,-1,-1,-1,-1
152,-1,,고양이 남자는 정말 불쾌하다는 듯이 코끝을 찡그렸다.,-1,-1,-1,-1,-1,1,-1,-1,-1,-1,-1,-1,-1,-1,-1,-1
153,-1,,서연은 그 모습을 보자 살짝 위축 됐지만 목숨이 달린 문제라서 인지 굴하지 않았다.,-1,-1,-1,-1,-1,-1,-1,-1,-1,-1,-1,-1,-1,-1,-1,-1
154,-1,서연,이대로 그냥 나가시면 잡혀가실걸요! 전 이미 던전 공략 신청을 해둔 상태니까요!,suyeon1,1,1,-1,-1,-1,-1,-1,-1,-1,-1,-1,-1,-1,-1,-1
155,-1,서연,탐험가는 목숨이 위험한 상황의 다른 탐험가를 무시하면 안된다는 법이-,suyeon1,1,-1,-1,-1,-1,-1,-1,-1,-1,-1,-1,-1,-1,-1,-1
156,-1,고양이?,뭔진 모르겠지만 말이다. ,-1,-1,-1,cat1,1,-1,-1,-1,-1,-1,-1,-1,-1,-1,-1,-1
157,-1,고양이?,그 말은 널 죽여서 어디 묻어두면 문제 없다는 것 처럼 들리는군. ,-1,-1,-1,cat1,1,-1,-1,-1,-1,-1,-1,-1,-1,-1,-1,-1
158,-1,서연,...!!!!!!,suyeon1,1,1,-1,-1,-1,-1,-1,-1,-1,-1,-1,-1,-1,-1,-1
159,-1,,고양이 남자는 잠시 말없이 서연을 노려보았다. ,0,-1,-1,-1,-1,-1,-1,-1,-1,-1,-1,-1,-1,-1,-1,-1
160,-1,,일반적인 사람의 눈이 아니라 무슨 생각을 하는지는 알 수 없었으나.,-1,-1,-1,-1,-1,-1,-1,-1,-1,-1,-1,-1,-1,-1,-1,-1
161,-1,,분명 온전치 못한 것이라는 생각에 무서워졌다.,-1,-1,-1,-1,-1,-1,-1,-1,-1,-1,-1,-1,-1,-1,-1,-1
162,-1,고양이?,... 하아...,-1,-1,-1,cat1,1,1,-1,-1,-1,-1,-1,-1,-1,-1,-1,-1
163,-1,,한숨소리와 함께 고양이 남자의 매섭던 눈이 한 층 누그러졌다.,-1,-1,-1,-1,-1,-1,-1,-1,-1,-1,-1,-1,-1,-1,-1,-1
164,-1,고양이?,알겠다. 알겠다고. ,-1,-1,-1,cat1,1,-1,-1,-1,-1,-1,-1,-1,-1,-1,-1,-1
165,-1,고양이?,그놈들이 인간들을 죽이는걸... 용납할리가 없지.,-1,-1,-1,cat1,1,-1,-1,-1,-1,-1,-1,-1,-1,-1,-1,-1
166,-1,,고양이는 궁시렁거리며 꼬리를 신경질적으로 흔들었다.,-1,-1,-1,-1,-1,-1,-1,-1,-1,-1,-1,-1,-1,-1,-1,-1
167,-1,,못이기는 척 서연을 바라보며 쭉 훑어본다.,-1,-1,-1,-1,-1,-1,-1,-1,-1,-1,-1,-1,-1,-1,-1,-1
168,-1,고양이?,따라와. ,-1,-1,-1,cat1,1,-1,-1,-1,-1,-1,-1,-1,-1,-1,-1,-1
169,-1,서연,헉.,suyeon1,1,-1,-1,-1,-1,-1,-1,-1,-1,-1,-1,-1,-1,-1,-1
170,-1,,서연은 순간 다리에 힘이 풀릴 정도로 안도했다. ,-1,-1,-1,-1,-1,-1,-1,-1,-1,-1,-1,-1,-1,-1,-1,-1
171,-1,,얼른 짐을 챙겨들고 활기차게 입을 열었다.,-1,-1,-1,-1,-1,-1,-1,-1,-1,-1,-1,-1,-1,-1,-1,-1
172,-1,서연,잘 부탁드립니다!!! 고양이 님!!!,suyeon1,1,1,-1,-1,-1,-1,-1,-1,-1,-1,-1,-1,-1,-1,-1
173,-1,고양이?,고양이는 또 뭔지...,-1,-1,-1,cat1,1,-1,-1,-1,-1,-1,-1,-1,-1,-1,-1,-1
174,-1,,정체불명의 고양이 남자는 다시 몸을 돌렸다. ,0,-1,-1,0,-1,-1,-1,-1,-1,-1,-1,-1,-1,-1,-1,-1
175,-1,,서연은 기쁜마음으로 그 수상쩍은 존재를 따라나섰다. ,-1,-1,-1,-1,-1,-1,-1,-1,-1,-1,-1,-1,-1,-1,-1,-1
176,-1,,둘의 앞에 어떤 고난이 기다리고 있는지 상상도 하지 못한체..,-1,-1,-1,-1,-1,-1,-1,-1,-1,-1,-1,-1,-1,-1,-1,-1
177,-1,,,-1,-1,-1,-1,-1,-1,분수가 있는 방,-1,-1,-1,-1,-1,-1,-1,-1,-1
178,-1,,물 흐르는 소리가 가득 채운 방 안에 두 존재가 나란히 앉았다. ,-1,-1,-1,-1,-1,-1,-1,-1,-1,-1,-1,-1,-1,-1,-1,-1
179,-1,,방 안은 마치 누군가를 환영하는 듯 더할나위 없이 평화로운 인상을 남겼다.,-1,-1,-1,-1,-1,-1,-1,-1,-1,-1,-1,-1,-1,-1,-1,-1
180,-1,고양이?,그러니까 정리해보자면...,-1,-1,-1,cat1,1,-1,-1,-1,-1,-1,-1,-1,-1,-1,-1,-1
181,-1,고양이?,탐험하러 온 던전에서 어떤 이상한 석상을 조사하다가. ,-1,-1,-1,cat1,1,-1,-1,-1,-1,-1,-1,-1,-1,-1,-1,-1
182,-1,고양이?,갑작스러운 붕괴에 휘말렸고 눈을 떠보니 여기다?,-1,-1,-1,cat1,1,-1,-1,-1,-1,-1,-1,-1,-1,-1,-1,-1
183,-1,서연,그런 겁니다...,suyeon1,1,-1,-1,-1,-1,-1,-1,-1,-1,-1,-1,-1,-1,-1,-1
184,-1,,서연은 말을 하면서 스마트폰을 손에 들고 열심히 두드리는 중이었다.,-1,-1,0,-1,-1,-1,-1,-1,-1,-1,-1,-1,-1,-1,-1,-1
185,-1,,예의가 아니긴 했지만 이걸로 조난 신호를 보내면 어떻게 될지도 모르는데...,-1,-1,-1,-1,-1,-1,-1,-1,-1,-1,-1,-1,-1,-1,-1,-1
186,-1,,당연히 잡히는 신호는 없었다.,-1,-1,-1,-1,-1,-1,-1,-1,-1,-1,-1,-1,-1,-1,-1,-1
187,-1,고양이?,그건 뭐냐. 발광석 같은거냐?,-1,-1,-1,cat1,1,-1,-1,-1,-1,-1,-1,-1,-1,-1,-1,-1
188,-1,서연,핸드폰을 몰라요?? 세상에... 얼마나 세상 물정을 모르시는 건지...,suyeon1,1,-1,-1,-1,-1,-1,-1,-1,-1,-1,-1,-1,-1,-1,-1
189,-1,,스마트폰 조차도 알아보지 못하는 것이 의아했지만 그렇게 없는 일도 아니긴 했다.,-1,-1,-1,-1,-1,-1,-1,-1,-1,-1,-1,-1,-1,-1,-1,-1
190,-1,,진정한 로망을 원한다면서 현대문물을 멀리하고 사는 탐험가들도 적지 않았으니까.,-1,-1,-1,-1,-1,-1,-1,-1,-1,-1,-1,-1,-1,-1,-1,-1
191,-1,서연,그나저나 그 모습은 뭐에요? 왜 그런... 고양이 같은 모습을 하고 다니시는지?,suyeon1,1,-1,-1,-1,-1,-1,-1,-1,-1,-1,-1,-1,-1,-1,-1
192,-1,고양이?,... 아까부터 자꾸 날 고양이라고 부르는데. ,-1,-1,-1,cat1,1,-1,-1,-1,-1,-1,-1,-1,-1,-1,-1,-1
193,-1,,고양이는 잠시 뜸을 들이다가 입을 열었다. ,-1,-1,-1,-1,-1,-1,-1,-1,-1,-1,-1,-1,-1,-1,-1,-1
194,-1,고양이?,고양이가 뭐냐?,-1,-1,-1,cat1,1,-1,-1,-1,-1,-1,-1,-1,-1,-1,-1,-1
195,-1,서연,...아?,suyeon1,1,-1,-1,-1,-1,-1,-1,-1,-1,-1,-1,-1,-1,-1,-1
196,-1,,서연은 당황했다. 핸드폰을 모르는건 그렇다고 치자. 하지만 이건... 좀 과하지 않나?,-1,-1,-1,-1,-1,-1,-1,-1,-1,-1,-1,-1,-1,-1,-1,-1
197,-1,,서연의 눈이 고양이 남자의 몸을 다시 쭉 훑었다. 이상한 복장에 어울리지 않는 검...,-1,-1,-1,-1,-1,-1,-1,-1,-1,-1,-1,-1,-1,-1,-1,-1
198,-1,,생각이 어느 지점에 도달하자 좀 불편하게 눈을 흘겼다.,-1,-1,-1,-1,-1,-1,-1,-1,-1,-1,-1,-1,-1,-1,-1,-1
199,-1,서연,그런 설정이시군요...,suyeon1,1,-1,-1,-1,-1,-1,-1,-1,-1,-1,-1,-1,-1,-1,-1
200,-1,고양이?,뭐?,-1,-1,-1,cat1,1,-1,-1,-1,-1,-1,-1,-1,-1,-1,-1,-1
201,-1,,게이트가 열리고 던전이란 것이 생기니 확실히.. 그런 사람들도 생기긴 하는 법이었다.,-1,-1,-1,-1,-1,-1,-1,-1,-1,-1,-1,-1,-1,-1,-1,-1
202,-1,,정의의 용사$ 대마왕$ 미지의 탐구자$ 지혜의 뭐시기.... 저시기...,-1,-1,-1,-1,-1,-1,-1,-1,-1,-1,-1,-1,-1,-1,-1,-1
203,-1,,"한마디로 말하자면 ""극도의 컨셉러""들.",-1,-1,-1,-1,-1,-1,-1,-1,-1,-1,-1,-1,-1,-1,-1,-1
204,-1,,딱히 나쁜건 아니겠...지? 서연은 얼른 정신을 다잡았다. 일단은 구조를 해준 사람이니까...,-1,-1,-1,-1,-1,-1,-1,-1,-1,-1,-1,-1,-1,-1,-1,-1
205,-1,고양이?,뭔지 모르겠지만 시선이 굉장히 불쾌한데...,-1,-1,-1,cat1,1,-1,-1,-1,-1,-1,-1,-1,-1,-1,-1,-1
206,-1,서연,아니 뭐... 이해가 안되는건 아니니까요...,suyeon1,1,-1,-1,-1,-1,-1,-1,-1,-1,-1,-1,-1,-1,-1,-1
207,-1,,서연은 멋쩍게 웃어보이며 급하게 몸을 일으켰다. ,-1,-1,-1,-1,-1,-1,-1,-1,-1,-1,-1,-1,-1,-1,-1,-1
208,-1,서연,아! 그러고보니...,suyeon1,1,-1,-1,-1,-1,-1,-1,-1,-1,-1,-1,-1,-1,-1,-1
209,-1,서연,아직 통성명을 안했죠? 전 서연이라고 해요 f... 일단 탐험가죠!,suyeon1,1,1,-1,-1,-1,-1,-1,-1,-1,-1,-1,-1,-1,-1,-1
210,-1,고양이?,어어 그래. ,-1,-1,-1,cat1,1,-1,-1,-1,-1,-1,-1,-1,-1,-1,-1,-1
211,-1,서연,...,suyeon1,1,-1,-1,-1,-1,-1,-1,-1,-1,-1,-1,-1,-1,-1,-1
212,-1,고양이?,...,-1,-1,-1,cat1,1,-1,-1,-1,-1,-1,-1,-1,-1,-1,-1,-1
213,-1,서연,... 네?,suyeon1,1,-1,-1,-1,-1,-1,-1,-1,-1,-1,-1,-1,-1,-1,-1
214,-1,고양이?,뭐?,-1,-1,-1,cat1,1,-1,-1,-1,-1,-1,-1,-1,-1,-1,-1,-1
215,-1,서연,그... 그쪽도 소개를 하셔야죠.,suyeon1,1,-1,-1,-1,-1,-1,-1,-1,-1,-1,-1,-1,-1,-1,-1
216,-1,고양이?,어...,-1,-1,-1,cat1,1,-1,-1,-1,-1,-1,-1,-1,-1,-1,-1,-1
217,-1,,고양이 남자는 잠시 고민하는 듯 하더니 툭 내뱉었다.,-1,-1,-1,-1,-1,-1,-1,-1,-1,-1,-1,-1,-1,-1,-1,-1
218,-1,고양이,"그냥 ""고양이""라고 부르는거 아니였나.",-1,-1,-1,cat1,1,-1,-1,-1,-1,-1,-1,-1,-1,-1,-1,-1
219,-1,서연,우와아...,suyeon1,1,1,-1,-1,-1,-1,-1,-1,-1,-1,-1,-1,-1,-1,-1
220,-1,,서연은 조용히 감탄했다. ,-1,-1,-1,-1,-1,-1,-1,-1,-1,-1,-1,-1,-1,-1,-1,-1
221,-1,서연,... 정말 컨셉 하나는 확실하시구나...,suyeon1,1,-1,-1,-1,-1,-1,-1,-1,-1,-1,-1,-1,-1,-1,-1
222,-1,,서연의 중얼거림에 고양이의 귀가 팔락였지만 무시한듯 반응은 없었다.,-1,-1,-1,-1,-1,-1,-1,-1,-1,-1,-1,-1,-1,-1,-1,-1
223,-1,고양이,그나저나 이제 어쩔것이냐. 출구까지 가보긴 하겠지만 시간이 좀 걸릴텐데.,-1,-1,-1,cat1,1,-1,-1,-1,-1,-1,-1,-1,-1,-1,-1,-1
224,-1,서연,흠...,suyeon1,1,-1,-1,-1,-1,-1,-1,-1,-1,-1,-1,-1,-1,-1,-1
225,-1,,어떻게 하지?,0,-1,-1,0,-1,-1,-1,-1,2,-1,-1,-1,-1,-1,-1,-1
226,-1,,방 안을 좀 더 둘러본다.,-1,-1,-1,-1,-1,-1,-1,-1,-1,228,-1,-1,-1,-1,-1,-1
227,-1,,탈출이 우선이다. 얼른 나가자. ,-1,-1,-1,-1,-1,-1,-1,-1,-1,348,-1,-1,-1,-1,-1,-1
228,-1,서연,일단 좀 둘러볼까요? 뭔가 쓸만한 게 있을지도 모르니까.,suyeon1,1,-1,-1,-1,-1,-1,-1,-1,-1,-1,-1,-1,-1,-1,-1
229,-1,고양이,여기에? 별 게 없을텐데...,-1,-1,-1,cat1,1,-1,-1,-1,-1,-1,-1,-1,-1,-1,-1,-1
230,-1,서연,이래뵈도 탐험가니까요! 탐색 스킬도 있...,suyeon1,1,-1,-1,-1,-1,-1,-1,-1,-1,-1,-1,-1,-1,-1,-1
231,-1,서연,악!!!,suyeon1,1,1,-1,-1,-1,-1,1,-1,-1,-1,-1,-1,-1,-1,-1
232,-1,,호기롭게 방안을 둘러보려던 서연이 이끼를 밟고 대차게 넘어진다.,-1,-1,-1,-1,-1,-1,-1,-1,-1,-1,-1,-1,쿠당탕 소리,-1,-1,화면 흔들림
233,-1,서연,아야야.. 아...,suyeon1,1,-1,-1,-1,-1,-1,-1,-1,-1,-1,-1,-1,-1,-1,-1
234,-1,고양이,... 와...,-1,-1,-1,cat1,1,-1,-1,-1,-1,-1,-1,-1,-1,-1,-1,-1
235,-1,,고양이가 다가오더니 서연의 옆에 쪼그려 앉아 까진 무릎을 바라본다.,-1,-1,-1,-1,-1,-1,-1,-1,-1,-1,-1,-1,-1,-1,-1,-1
236,-1,,서연은 이 사람도 걱정을 해주는 구나 싶었지만...,-1,-1,-1,-1,-1,-1,-1,-1,-1,-1,-1,-1,-1,-1,-1,-1
237,-1,고양이,대체 얼마나 둔하면 이끼를 밟고 넘어지는 거냐.,-1,-1,-1,cat1,1,-1,-1,-1,-1,-1,-1,-1,-1,-1,-1,-1
238,-1,서연,...,suyeon1,1,-1,-1,-1,-1,-1,-1,-1,-1,-1,-1,-1,-1,-1,-1
239,-1,,하긴$ 생긴것 만큼이나 비인간적인 사람한테 뭘 기대할까. ,-1,-1,-1,-1,-1,-1,-1,-1,-1,-1,-1,-1,-1,-1,-1,-1
240,-1,,왠지 무력하게 넘어져있는 것도 자존심이 상해 자리에서 벌떡 일어났다.,-1,-1,1,-1,-1,-1,-1,-1,-1,-1,-1,-1,-1,-1,-1,-1
241,-1,서연,가죠. ,suyeon1,1,-1,-1,-1,-1,-1,-1,-1,-1,-1,-1,-1,-1,-1,-1
242,-1,고양이,부끄러워 하긴... ,-1,-1,-1,cat1,1,-1,-1,-1,-1,-1,-1,-1,-1,-1,-1,-1
243,-1,,일단...,0,-1,-1,0,-1,-1,-1,-1,3,-1,-1,-1,-1,-1,-1,-1
244,-1,,분수대를 살핀다.,-1,-1,-1,-1,-1,-1,-1,-1,-1,247,-1,-1,-1,-1,-1,-1
245,-1,,근처에 있는 물 웅덩이를 살핀다. ,-1,-1,-1,-1,-1,-1,-1,-1,-1,286,-1,-1,-1,-1,-1,-1
246,-1,,좀 쉴까...,-1,-1,-1,-1,-1,-1,-1,-1,-1,317,-1,-1,-1,-1,-1,-1
247,-1,,서연은 분수대 안을 살펴보았다. ,-1,-1,-1,-1,-1,-1,-1,-1,-1,-1,-1,-1,-1,-1,-1,-1
248,-1,,안에는 물고기 몇마리가 헤엄치고 있었다.,-1,-1,-1,-1,-1,-1,-1,-1,-1,-1,-1,-1,-1,-1,-1,-1
249,-1,고양이,너 탐험가인지 뭔지라고 했지? ,-1,-1,-1,cat1,1,-1,-1,-1,-1,-1,-1,-1,-1,-1,-1,-1
250,-1,고양이,안에있는 물고기들. 먹을 수 있는거냐? ,-1,-1,-1,cat1,1,-1,-1,-1,-1,-1,-1,-1,-1,-1,-1,-1
251,-1,서연,먹으려고요??,suyeon1,1,1,-1,-1,-1,-1,-1,-1,-1,-1,-1,-1,-1,-1,-1
252,-1,,서연이 질색하는 표정을 지었다.,-1,-1,-1,-1,-1,-1,-1,-1,-1,-1,-1,-1,-1,-1,-1,-1
253,-1,고양이,그래. 먹으려 한다. 너희 인간들도 물고기 정도는 먹지 않나?,-1,-1,-1,cat1,1,-1,-1,-1,-1,-1,-1,-1,-1,-1,-1,-1
254,-1,서연,그으렇긴 한데요...,suyeon1,1,-1,-1,-1,-1,-1,-1,-1,-1,-1,-1,-1,-1,-1,-1
255,-1,,서연은 분수대 안을 다시 들여다 보았다.,-1,-1,-1,-1,-1,-1,-1,-1,-1,-1,-1,-1,-1,-1,-1,-1
256,-1,,분명 그 안에 움직이고 있는 것이 물고기 인 것은 인지할 수 있었지만...,-1,-1,-1,-1,-1,-1,-1,-1,-1,-1,-1,-1,-1,-1,-1,-1
257,-1,,도저히 먹을 수 있을 것 같은 모양은 아니였다. ,-1,-1,-1,-1,-1,-1,-1,-1,-1,-1,-1,-1,-1,-1,-1,-1
258,-1,서연,으으...,suyeon1,1,-1,-1,-1,-1,-1,-1,-1,-1,-1,-1,-1,-1,-1,-1
259,-1,고양이,그러고보니 너희 인간들은 식사를 안하면 죽지 않나.,-1,-1,-1,cat1,1,-1,-1,-1,-1,-1,-1,-1,-1,-1,-1,-1
260,-1,고양이,... 기다려봐. ,-1,-1,-1,cat1,1,-1,-1,-1,-1,-1,-1,-1,-1,-1,-1,-1
261,-1,,고양이가 분수대에 천천히 다가가며 검을 들었다.,0,-1,-1,-1,-1,-1,-1,-1,-1,-1,-1,-1,-1,-1,-1,-1
262,-1,,날카로운 검이 횟불의 희미한 불빛에 반짝였고 어느순간 시야에서 사라졌다. ,-1,-1,-1,-1,-1,1,-1,-1,-1,-1,-1,-1,-1,-1,-1,-1
263,-1,,폭.폭. 하는 짧고 간결한 소리 이후 물고기가 수면 밖에서 팔딱이는 소리가 들었다.,-1,-1,-1,-1,-1,-1,-1,-1,-1,-1,-1,-1,-1,-1,-1,-1
264,-1,고양이,잡았다.,-1,-1,-1,cat1,1,-1,-1,-1,-1,-1,-1,-1,-1,-1,-1,-1
265,-1,,고양이는 무심하게 칼에 꽂힌 두마리의 물고리를 보여주었다. ,-1,-1,-1,-1,-1,-1,-1,-1,-1,-1,-1,-1,-1,-1,-1,-1
266,-1,,서연은 마른침을 삼켰다. 단순한 컨셉만은 아니였구나...,suyeon1,-1,1,-1,-1,-1,-1,-1,-1,-1,-1,-1,-1,-1,-1,-1
267,-1,,그러는 사이 아직 제대로 죽지 못한 물고기 두마리가 서연의 얼굴에 들이밀어졌다.,-1,-1,-1,-1,-1,-1,-1,-1,-1,-1,-1,-1,-1,-1,-1,-1
268,-1,고양이,먹을 수 있는거냐? ,-1,-1,-1,cat1,1,-1,-1,-1,-1,-1,-1,-1,-1,이상한 물고기 이미지,-1,-1
269,-1,서연,아... 어... 잠시만요.,suyeon1,1,-1,-1,-1,-1,-1,-1,-1,-1,-1,-1,-1,이상한 물고기 이미지,-1,-1
270,-1,,서연은 멍해졌던 정신을 다잡고 얼른 스킬을 사용해 물고기를 조사해보았다. ,-1,-1,-1,-1,-1,-1,-1,-1,-1,-1,-1,-1,-1,이상한 물고기 이미지,-1,-1
271,-1,,결과는... 긍정적이었다.,-1,-1,-1,-1,-1,-1,-1,-1,-1,-1,-1,-1,-1,이상한 물고기 이미지,-1,-1
272,-1,,영양만점$ 원기회복... 뒤따르는 수식어들도 서연을 심란하게만 만들었다.,-1,-1,-1,-1,-1,-1,-1,-1,-1,-1,-1,-1,-1,0,-1,-1
273,-1,서연,... 먹을 수 있데요.,suyeon1,1,-1,-1,-1,-1,-1,-1,-1,-1,-1,-1,-1,-1,-1,-1
274,-1,고양이,그러냐.,-1,-1,-1,cat1,1,-1,-1,-1,-1,-1,-1,-1,-1,-1,-1,-1
275,-1,,고양이는 그 말을 듣자마자 물고기를 생으로 물어뜯었다.,-1,-1,-1,-1,-1,1,-1,-1,-1,-1,-1,-1,-1,-1,-1,-1
276,-1,서연,으으으으...,suyeon1,1,-1,-1,-1,-1,-1,-1,-1,-1,-1,-1,-1,-1,-1,-1
277,-1,서연,적어도 구워먹으면...,suyeon1,1,-1,-1,-1,-1,-1,-1,-1,-1,-1,-1,-1,-1,-1,-1
278,-1,고양이,다른 괴물들을 끌어모으고 싶다고? 아무렴. ,-1,-1,-1,cat1,1,-1,-1,-1,-1,-1,-1,-1,-1,-1,-1,-1
279,-1,,툭 던지듯 말했지만 확실히 던전 안에서 함부로 뭔가를 굽거나 하는 것은 위험했다.,0,-1,-1,0,-1,-1,-1,-1,-1,-1,-1,-1,-1,-1,-1,-1
280,-1,,필요 이상으로 냄새를 많이 일으키니까. ,-1,-1,-1,-1,-1,-1,-1,-1,-1,-1,-1,-1,-1,-1,-1,-1
281,-1,,뭔가를 생으로 먹는것도 그렇긴 하지만...,-1,-1,-1,-1,-1,-1,-1,-1,-1,-1,-1,-1,-1,-1,-1,-1
282,-1,,서연의 배는 그런것까지 고려해주고 싶지 않다는 듯 꼬륵거렸다.,-1,-1,-1,-1,-1,-1,-1,-1,-1,-1,-1,-1,꼬르륵 소리,-1,-1,-1
283,-1,서연,으웨엑...,suyeon1,1,1,-1,-1,-1,-1,-1,-1,-1,-1,-1,-1,-1,-1,-1
284,-1,,...,0,-1,-1,-1,-1,-1,-1,-1,-1,-1,1,-1,-1,-1,-1,-1
285,-1,,생각보다 맛이 좋았던 것 까지 불쾌하다고$ 서연은 생각했다.,-1,-1,-1,-1,-1,-1,-1,-1,-1,336,-1,-1,-1,-1,-1,검은색 페이드 아웃$ 페이드 인
286,-1,,서연은 분수 근처에 있는 물 웅덩이를 살펴보았다.,-1,-1,-1,-1,-1,-1,-1,-1,-1,-1,-1,-1,-1,바닥이 보이지 않는 물 웅덩이,-1,-1
287,-1,,분명 얕은 웅덩이인줄 알았는데 그 안은 바닥이 보이지 않는 무저갱과도 같았다.,-1,-1,-1,-1,-1,-1,-1,-1,-1,-1,-1,-1,-1,바닥이 보이지 않는 물 웅덩이,-1,-1
288,-1,,무언가의 터널인가? 하고 서연이 생각하던 찰나...,-1,-1,-1,-1,-1,-1,-1,-1,-1,-1,-1,-1,-1,바닥이 보이지 않는 물 웅덩이,-1,-1
289,-1,고양이,야!!,-1,-1,-1,cat1,1,1,-1,1,-1,-1,-1,-1,-1,바닥이 보이지 않는 물 웅덩이,-1,-1
290,-1,,고양이의 다급한 외침이 들리자마자 웅덩이 안에서 거대한 그림자가 드리운다. ,-1,-1,-1,0,-1,-1,-1,-1,-1,-1,-1,-1,-1,0,-1,-1
291,-1,,인지가 따라가기도 전에 몸이 공중에 붕 떠올랐고 서연의 몸은 구석 방향으로 날아갔다.,-1,-1,-1,-1,-1,-1,-1,1,-1,-1,-1,-1,-1,-1,-1,-1
292,-1,서연,꺄아아악!!!,suyeon1,1,1,-1,-1,-1,-1,1,-1,-1,-1,-1,-1,-1,-1,-1
293,-1,,얼마나 세게 잡아 던져진 건지. 몸이 벽에 부딪혀 멈추니 적지 않은 충격이 전해졌다. ,0,-1,1,-1,-1,-1,-1,-1,-1,-1,-1,-1,-1,-1,-1,-1
294,-1,,서연의 어지러운 시야 사이로 강하게 검을 그뤄쥐고 있는 고양이가 보였다.,cat1,-1,-1,-1,-1,-1,-1,-1,-1,-1,-1,-1,-1,-1,-1,-1
295,-1,,그 앞에는.. 거대한 게 형태의 몬스터가 무시무시한 집게발을 들고 고양이를 위협하고 있었다. ,-1,-1,-1,게 몬스터1,1,1,-1,-1,-1,-1,-1,-1,괴물  울음소리,-1,-1,-1
296,-1,고양이,....,cat1,1,-1,-1,-1,-1,-1,-1,-1,-1,-1,-1,칼 꺼내드는 소리,-1,-1,-1
297,-1,,매섭게 상대를 향해 살의를 보여주는 고양이의 눈을 보니 서연은 감히 도망치라 말하기도 어려웠다.,-1,-1,-1,-1,-1,-1,-1,-1,-1,-1,-1,-1,-1,-1,-1,-1
298,-1,,서연이 긴장하는 사이에 먼저 움직인 것은 게 몬스터 쪽이었다. ,-1,-1,-1,게 몬스터1,1,1,-1,-1,-1,-1,-1,-1,-1,-1,-1,-1
299,-1,,거대한 집게에서 바람가르는 소리가 들려왔고 고양이는 그 자리에서 움직이지 않았다.,-1,-1,-1,-1,-1,1,-1,-1,-1,-1,-1,-1,바람 가르는 소리,-1,-1,-1
300,-1,,날카로운 금속음이 들리는가 싶더니 순식간에 게의 품안으로 파고든 고양이가 몸통에 칼을 박아넣었다.,-1,-1,-1,-1,-1,-1,-1,1,-1,-1,-1,-1,칼 쑤시는 소리,-1,-1,-1
301,-1,고양이,그르으... 아!!!!,cat1,1,1,-1,-1,-1,-1,-1,-1,-1,-1,-1,-1,-1,-1,-1
302,-1,,우렁찬 기합소리와 함께 칼을 비틀어내자 칼이 움직이는 방향을 따라 몬스터의 껍질이 으스러졌다. ,-1,-1,-1,게 몬스터1,1,1,-1,1,-1,-1,-1,-1,괴물  울음소리,-1,-1,-1
303,-1,,이거... 노량진 수산시장에서 본 광경같은데. 라고 서연은 생각했다.,-1,-1,-1,-1,-1,-1,-1,-1,-1,-1,-1,-1,-1,-1,-1,-1
304,-1,,몬스터는 얼마나 처절하게 비명을 지르는지 오히려 저쪽에 연민이 갈 정도였다.,-1,-1,-1,-1,-1,-1,-1,-1,-1,-1,-1,-1,-1,-1,-1,-1
305,-1,고양이,후우...,cat1,1,1,-1,-1,-1,-1,-1,-1,-1,-1,-1,-1,-1,-1,-1
306,-1,,터져나온 게의 내장을 뒤집어쓴 고양이가 서연을 바라봤다.,0,-1,-1,-1,-1,-1,-1,-1,-1,-1,-1,-1,-1,-1,-1,-1
307,-1,,그 광경에 서연은 섬뜩할 지경이었다.,-1,-1,-1,-1,-1,-1,-1,-1,-1,-1,-1,-1,-1,-1,-1,-1
308,-1,,고양이가 아니라 호랑이었나...?,-1,-1,-1,-1,-1,-1,-1,-1,-1,-1,-1,-1,-1,-1,-1,-1
309,-1,서연,저기...,suyeon1,1,-1,-1,-1,-1,-1,-1,-1,-1,-1,-1,-1,-1,-1,-1
310,-1,고양이,이거.,-1,-1,-1,cat1,1,-1,-1,-1,-1,-1,-1,-1,-1,-1,-1,-1
311,-1,서연,네넵!?,suyeon1,1,1,-1,-1,-1,-1,-1,-1,-1,-1,-1,-1,-1,-1,-1
312,-1,고양이,먹을 수 있지 않나.,-1,-1,-1,cat1,1,-1,-1,-1,-1,-1,-1,-1,-1,-1,-1,-1
313,-1,서연,아.,suyeon1,1,-1,-1,-1,-1,-1,-1,-1,-1,-1,-1,-1,-1,-1,-1
314,-1,,서연의 혈관속을 흐르던 한국인의 피가 들끓었다. ,0,-1,-1,0,-1,-1,-1,-1,-1,-1,-1,-1,-1,-1,-1,-1
315,-1,,인정하고 싶지 않았지만...,-1,-1,-1,-1,-1,-1,-1,-1,-1,-1,2,-1,-1,-1,-1,-1
316,-1,,거대 게 몬스터 회는 정말 맛있었다. ,-1,-1,-1,-1,-1,-1,-1,-1,-1,336,-1,-1,-1,-1,-1,-1
317,-1,,서연은 어느센가부터 눈꺼풀이 무거워져 있는 것을 깨달았다. ,-1,-1,-1,-1,-1,-1,-1,-1,-1,-1,-1,-1,-1,-1,-1,-1
318,-1,,붕괴$ 추락$ 고립$ 컨셉러와의 동행... 너무나 많은 일이 있었다.,-1,-1,-1,-1,-1,-1,-1,-1,-1,-1,-1,-1,-1,-1,-1,-1
319,-1,,서연은 자신이 휴식을 취할 필요가 있음을 느꼈다. ,-1,-1,-1,-1,-1,-1,-1,-1,-1,-1,-1,-1,-1,-1,-1,-1
320,-1,서연,하아암... ,suyeon1,1,1,-1,-1,-1,-1,-1,-1,-1,-1,-1,-1,-1,-1,-1
321,-1,서연,무릎도 아프고... 좀 쉬어도 되지 않을까요. ,suyeon1,1,-1,-1,-1,-1,-1,-1,-1,-1,-1,-1,-1,-1,-1,-1
322,-1,고양이,뭐? ,-1,-1,-1,cat1,1,1,-1,-1,-1,-1,-1,-1,-1,-1,-1,-1
323,-1,,고양이는 어이가 없다는 듯이 서연을 바라보았다. ,-1,-1,-1,-1,-1,-1,-1,-1,-1,-1,-1,-1,-1,-1,-1,-1
324,-1,고양이,뭐가 튀어나올지도 모르는 이 던전에서 쉬고 싶다고?,-1,-1,-1,cat1,1,-1,-1,-1,-1,-1,-1,-1,-1,-1,-1,-1
325,-1,고양이,...,-1,-1,-1,cat1,1,-1,-1,-1,-1,-1,-1,-1,-1,-1,-1,-1
326,-1,고양이,맘대로 해라?,-1,-1,-1,cat1,1,-1,-1,-1,-1,-1,-1,-1,-1,-1,-1,-1
327,-1,,고양이는 무언가 숨겨진 뜻이 있는 것 같다. ,0,-1,-1,0,-1,-1,-1,-1,-1,-1,-1,-1,-1,-1,-1,-1
328,-1,,정말 쉴까?,-1,-1,-1,-1,-1,-1,-1,-1,2,-1,-1,-1,-1,-1,-1,-1
329,-1,,쉬자.,-1,-1,-1,-1,-1,-1,-1,-1,-1,331,-1,-1,-1,-1,-1,-1
330,-1,,역시 포기하자.,-1,-1,-1,-1,-1,-1,-1,-1,-1,243,-1,-1,-1,-1,-1,-1
331,-1,,서연은 분수대에 몸을 기대고 앉았다. ,-1,-1,-1,-1,-1,-1,-1,-1,-1,-1,-1,-1,-1,-1,-1,-1
332,-1,,천천히 무의식에 빠져들고$ 편안함이 온몸을 감싼다. ,-1,-1,-1,-1,-1,-1,-1,-1,-1,-1,-1,-1,-1,-1,-1,-1
333,-1,,곧 아무것도 느껴지지 않았고.,-1,-1,-1,-1,-1,-1,-1,-1,-1,-1,-1,-1,-1,-1,-1,-1
334,-1,,그대로 푹 잠들었다. ,-1,-1,-1,-1,-1,-1,-1,-1,-1,-1,-1,-1,-1,-1,-1,-1
335,-1,,(게임 오버),-1,-1,-1,-1,-1,-1,-1,-1,-1,-1,-1,-1,-1,-1,-1,-1
336,-1,,잠시 뒤...,-1,-1,-1,-1,-1,-1,-1,-1,-1,-1,-1,-1,-1,-1,-1,-1
337,-1,서연,배부르다...,suyeon1,1,1,-1,-1,-1,-1,-1,-1,-1,-1,-1,-1,-1,-1,-1
338,-1,고양이,햐- 오랜만에 배터지게 먹었네. ,-1,-1,-1,cat1,1,1,-1,-1,-1,-1,-1,-1,-1,-1,-1,-1
339,-1,,서연은 자신보다 배로 음식을 먹은 고양이를 바라봤다.,0,-1,-1,0,-1,-1,-1,-1,-1,-1,-1,-1,-1,-1,-1,-1
340,-1,,해산물을 좋아하는 것까지... 정말 지독한 컨셉이라 생각은 했지만. ,-1,-1,-1,-1,-1,-1,-1,-1,-1,-1,-1,-1,-1,-1,-1,-1
341,-1,,그가 사냥을 하는 그 움직임을 다시 떠올려본다. ,-1,-1,-1,-1,-1,-1,-1,-1,-1,-1,-1,-1,-1,-1,-1,-1
342,-1,,그게 정말 사람의 움직임이었을까?,-1,-1,-1,-1,-1,-1,-1,-1,-1,-1,-1,-1,-1,-1,-1,-1
343,-1,고양이,슬슬 가자. 그렇게 늘어져 있으면 당한다. ,-1,-1,-1,cat1,1,-1,-1,-1,-1,-1,-1,-1,-1,-1,-1,-1
344,-1,서연,...,suyeon1,1,-1,-1,-1,-1,-1,-1,-1,-1,-1,-1,-1,-1,-1,-1
345,-1,,저 싹퉁바가지도 고양이의 특성일까 싶긴 했지만. ,0,-1,-1,0,-1,-1,-1,-1,-1,-1,-1,-1,-1,-1,-1,-1
346,-1,,서연은 깊게 생각하진 않았다.,-1,-1,-1,-1,-1,-1,-1,-1,-1,-1,-1,-1,-1,-1,-1,-1
347,-1,,도와주는 사람을 의심하고 싶진 않았으니까.,-1,-1,-1,-1,-1,-1,-1,-1,-1,-1,-1,-1,-1,-1,-1,-1
348,-1,,,-1,-1,-1,-1,-1,-1,던전 통로,-1,-1,-1,-1,-1,-1,-1,-1,-1
349,-1,,분수가 있는 방을 빠져나오고 다음 장소를 향하는 길이었다. ,-1,-1,-1,-1,-1,-1,-1,-1,-1,-1,-1,-1,-1,-1,-1,-1
350,-1,서연,꺄아아아악!!!,suyeon1,1,1,-1,-1,-1,-1,-1,-1,-1,-1,전투,-1,-1,-1,-1
351,-1,,서연은 지금까지의 던전이 자비로웠 던 것이라는 걸 깨달았다. ,0,-1,-1,-1,-1,-1,-1,-1,-1,-1,-1,-1,-1,-1,-1,-1
352,-1,,곧바로 몬스터의 등장이라니. 그것도 가장 귀찮은 유형이었다. ,-1,-1,-1,-1,-1,-1,-1,-1,-1,-1,-1,-1,-1,-1,-1,-1
353,-1,박쥐 몬스터,꺅!! 꺅!!!,-1,-1,-1,박쥐 몬스터,1,1,-1,1,-1,-1,-1,-1,몬스터 울음소리,-1,-1,-1
354,-1,,박쥐들의 요란한 울음소리에 귀가 멀어버릴 것 같았다. ,-1,-1,-1,0,-1,1,-1,-1,-1,-1,-1,-1,-1,-1,-1,-1
355,-1,서연,어떻게좀 해봐요오!! 진짜!!,suyeon1,1,1,-1,-1,-1,-1,-1,-1,-1,-1,-1,-1,-1,-1,-1
356,-1,고양이,수가 너무많다!! 적어도 일말의 틈이라도 있으면...,-1,-1,-1,cat1,1,-1,-1,-1,-1,-1,-1,-1,-1,-1,-1,-1
357,-1,,어쩌지? 어떻게 하지?,0,-1,-1,0,-1,-1,-1,-1,2,-1,-1,-1,-1,-1,-1,-1
358,-1,,전력으로 도망친다.,-1,-1,-1,-1,-1,-1,-1,-1,-1,363,-1,-1,-1,-1,-1,-1
359,-1,,어떻게든 대응한다.,-1,-1,-1,-1,-1,-1,-1,-1,-1,364,-1,-1,-1,-1,-1,-1
360,-1,,역시 주어진 선택지가 많지 않다!,-1,-1,-1,-1,-1,-1,-1,-1,-1,-1,-1,-1,-1,-1,-1,-1
361,-1,,그렇게 판단한 서연은 전력으로 달리기 시작했다. ,-1,-1,-1,-1,-1,-1,-1,-1,-1,-1,-1,-1,-1,-1,-1,-1
362,-1,,하지만 뛰는놈 위에 나는놈이 있는 법. ,-1,-1,-1,-1,-1,-1,-1,-1,-1,-1,-1,-1,-1,-1,-1,-1
363,-1,,얼마 못 가 박쥐한테 따라잡혀 버려 크게 다쳐버리고 만다...,-1,-1,-1,-1,-1,-1,-1,-1,-1,408,-2,-1,-1,-1,-1,-1
364,-1,,서연은 뭔가를 떠올린 듯 소지품을 뒤적거렸다. ,-1,-1,-1,-1,-1,-1,-1,-1,-1,-1,-1,-1,-1,-1,-1,-1
365,-1,고양이,뭐하냐!! 빨리 도망쳐!!!,-1,-1,-1,cat1,1,1,-1,1,-1,-1,-1,-1,-1,-1,-1,-1
366,-1,서연,기다려 봐요! 잠시만..!!,suyeon1,1,-1,-1,-1,-1,-1,-1,-1,-1,-1,-1,-1,-1,-1,-1
367,-1,,서연은 자신의 가방 안에서 둥그런 무언가를 꺼내들었다. ,-1,-1,-1,-1,-1,-1,-1,-1,-1,-1,-1,-1,-1,-1,-1,-1
368,-1,,그리곤 함께 도망치던 고양이의 팔을 붙잡고 급하게 멈춰세웠다.,-1,-1,-1,-1,-1,1,-1,-1,-1,-1,-1,-1,-1,-1,-1,-1
369,-1,고양이,뭔..! ,-1,-1,-1,cat1,1,1,-1,-1,-1,-1,-1,-1,-1,-1,-1,-1
370,-1,서연,나 믿어요!?,suyeon1,1,1,-1,-1,-1,-1,-1,-1,-1,-1,-1,-1,-1,-1,-1
371,-1,고양이,뭐라고?!,-1,-1,-1,cat1,1,-1,-1,-1,-1,-1,-1,-1,-1,-1,-1,-1
372,-1,서연,나 믿냐고요!!!,suyeon1,1,-1,-1,-1,-1,-1,-1,-1,-1,-1,-1,-1,-1,-1,-1
373,-1,고양이,개소리-,-1,-1,-1,cat1,1,-1,-1,-1,-1,-1,-1,-1,-1,-1,-1,-1
374,-1,서연,아악!! 몰라!! 그냥 좀 믿어요!!!,suyeon1,1,1,-1,-1,-1,-1,-1,-1,-1,-1,-1,-1,-1,-1,-1
375,-1,,뭔가를 급하게 조립하며 만들어 내기 시작한 서연을 보며 고양이는 곧 그 뜻을 알아챘다.,-1,-1,-1,-1,-1,-1,-1,-1,-1,-1,-1,-1,-1,-1,-1,-1
376,-1,고양이,망할... 난 모른다!!,-1,-1,-1,cat1,1,-1,-1,-1,-1,-1,-1,-1,-1,-1,-1,-1
377,-1,,고양이는 자세를 취하고 다가올 공격을 대비했다. ,0,-1,-1,0,-1,-1,-1,-1,-1,-1,-1,-1,-1,-1,-1,-1
378,-1,,곧 박쥐 몬스터들이 둘을 에워싸자 견디기 힘든 강풍과 날카로운 발톱이 수없이 달려들었다.,-1,-1,-1,-1,-1,-1,-1,-1,-1,-1,-1,-1,-1,-1,-1,-1
379,-1,박쥐 몬스터,끼이익!!! ,-1,-1,-1,박쥐 몬스터,1,1,-1,1,-1,-1,-1,-1,-1,-1,-1,-1
380,-1,고양이,으그극...!,-1,-1,-1,cat1,1,1,-1,-1,-1,-1,-1,-1,-1,-1,-1,-1
381,-1,,칼을 들고 굳건하게 버티고 선 고양이는 힘겨워보였다. ,-1,-1,-1,-1,-1,-1,-1,-1,-1,-1,-1,-1,-1,-1,-1,-1
382,-1,,눈을 뜨려 하면 말 그대로 칼바람이 몰아치고 있었기에 전방을 방어하는 것이 고작이었다.,-1,-1,-1,-1,-1,1,-1,-1,-1,-1,-1,-1,-1,-1,-1,-1
383,-1,고양이,어이! 아직인가!!,-1,-1,-1,cat1,1,-1,-1,-1,-1,-1,-1,-1,-1,-1,-1,-1
384,-1,서연,다 됐어요.. 다...!,suyeon1,1,-1,-1,-1,-1,-1,-1,-1,-1,-1,-1,-1,-1,-1,-1
385,-1,고양이,더는...,-1,-1,-1,cat1,1,1,-1,-1,-1,-1,-1,-1,-1,-1,-1,-1
386,-1,서연,됐다!!,suyeon1,1,1,-1,-1,-1,-1,-1,-1,-1,-1,-1,-1,-1,-1,-1
387,-1,,고양이의 말이 끝나기도 전에 서연이 펄쩍 뛰어오르더니 고양이의 수염을 잡아당겼다.,0,-1,-1,0,-1,-1,-1,-1,-1,-1,-1,-1,-1,-1,-1,-1
388,-1,고양이,억!! 그억!!?,-1,-1,-1,cat1,1,1,-1,1,-1,-1,-1,-1,-1,-1,-1,-1
389,-1,서연,눈 감아요!!! ,suyeon1,1,1,-1,-1,-1,-1,-1,-1,-1,-1,-1,-1,-1,-1,-1
390,-1,,서연이 무언가를 던지자 작게 터지는 소리와 함께 통로가 순간 빛으로 가득찬다.,0,-1,-1,0,-1,-1,-1,-1,-1,-1,-1,-1,-1,-1,2,화면 흰색으로 페이드 아웃
391,-1,박쥐 몬스터,끼이이익!!!!!,-1,-1,-1,박쥐 몬스터,1,1,-1,1,-1,-1,-1,-1,-1,-1,-1,-1
392,-1,,"""섬광탄"". 잡동사니로 간이 섬광탄을 만드는 탐험가의 스킬.",-1,-1,-1,0,-1,-1,-1,-1,-1,-1,-1,-1,-1,-1,-1,-1
393,-1,,몬스터가 많은 위험한 곳을 나다니는 탐험가들의 호신용 스킬이었다.,-1,-1,-1,-1,-1,-1,-1,-1,-1,-1,-1,-1,-1,-1,-1,-1
394,-1,,원래는 즉석에서 제작하는 것은 어려운 일이지만... 서연은 할 수 밖에 없었다.,-1,-1,-1,-1,-1,-1,-1,-1,-1,-1,-1,-1,-1,-1,-1,-1
395,-1,,섬광탄이 폭발한 후 박쥐 몬스터들은 순식간에 정신을 잃고 바닥에 추락했다. ,-1,-1,-1,-1,-1,-1,-1,-1,-1,-1,-1,-1,-1,-1,-1,-1
396,-1,,고양이는 그 틈을 놓치지 않고 단 한 번의 휘두름으로 박쥐들을 베어냈다. ,-1,-1,-1,-1,-1,-1,-1,-1,-1,-1,-1,-1,-1,-1,-1,-1
397,-1,서연,헉... 헉... 되.. 된거죠...?,suyeon1,1,-1,-1,-1,-1,-1,-1,-1,-1,-1,-1,-1,-1,-1,-1
398,-1,고양이,... 너.,-1,-1,-1,cat1,1,-1,-1,-1,-1,-1,-1,-1,-1,-1,-1,-1
399,-1,서연,힉..!,suyeon1,1,1,-1,-1,-1,-1,-1,-1,-1,-1,-1,-1,-1,-1,-1
400,-1,,고양이가 뒤에 주저앉아있는 서연을 보곤 성큼 다가오기 시작했다.,-1,-1,-1,-1,-1,-1,-1,-1,-1,-1,-1,-1,-1,-1,-1,-1
401,-1,,미안할 짓을 해버렸지. 하필이면 고양이한테 그 소중하다는 수염을 잡았으니.,-1,-1,-1,-1,-1,-1,-1,-1,-1,-1,-1,-1,-1,-1,-1,-1
402,-1,,애초에 고양이도 아니면서 라곤 생각했지만.,-1,-1,-1,-1,-1,-1,-1,-1,-1,-1,-1,-1,-1,-1,-1,-1
403,-1,서연,죄송해요! 죄송해요! 일단은 급해서...,suyeon1,1,1,-1,-1,-1,-1,-1,-1,-1,-1,-1,-1,-1,-1,-1
404,-1,고양이,...,-1,-1,-1,cat1,1,-1,-1,-1,-1,-1,-1,-1,-1,-1,-1,-1
405,-1,,예상과는 달리 고양이는 아무말도 없이 바라보더니 갑자기 서연을 벌떡 일으켜세웠다.,0,-1,-1,0,-1,-1,-1,-1,-1,-1,-1,-1,-1,-1,-1,-1
406,-1,,그리곤 몸을 이리저리 슥 훑어봤다.,-1,-1,-1,-1,-1,-1,-1,-1,-1,-1,-1,-1,-1,-1,-1,-1
407,-1,고양이,... 안다쳤나.,-1,-1,-1,cat1,1,-1,-1,-1,-1,-1,-1,-1,-1,-1,-1,-1
408,-1,고양이,잘했다. 빚을 졌군.,-1,-1,-1,cat1,1,-1,-1,-1,-1,-1,-1,-1,-1,-1,-1,-1
409,-1,,그 뒤 고양이는 군말없이 멍해진 서연을 지나쳐갔다. ,-1,-1,-1,0,-1,-1,-1,-1,-1,-1,-1,-1,-1,-1,-1,-1
410,-1,,,-1,-1,-1,-1,-1,-1,(상인이 있는 방,-1,-1,-1,-1,-1,-1,-1,-1,-1
411,-1,,둘은 만신창이인 상태로 다음 방에 도착했다. ,-1,-1,-1,-1,-1,-1,-1,-1,-1,-1,-1,-1,-1,-1,-1,-1
412,-1,,특히나 고양이 쪽은 온몸의 털이 이리저리 난잡하게 뻗쳐버려 특히나 불쌍해보였다. ,-1,-1,-1,-1,-1,-1,-1,-1,-1,-1,-1,-1,-1,-1,-1,-1
413,-1,고양이,끄으으... 젠장...,-1,-1,-1,cat1,1,-1,-1,-1,-1,-1,-1,-1,-1,-1,-1,-1
414,-1,,고양이는 힘겹게 방안으로 들어서더니 뭔가를 보자마자 터덜터덜 구석으로 들어갔다. ,-1,-1,-1,-1,-1,1,-1,-1,-1,-1,-1,-1,-1,-1,-1,-1
415,-1,서연,저기요... 갑자기 어딜 가시는...,suyeon1,1,-1,-1,-1,-1,-1,-1,-1,-1,-1,-1,-1,-1,-1,-1
416,-1,고양이,난 잔다...,-1,-1,-1,cat1,1,-1,-1,-1,-1,-1,-1,-1,-1,-1,-1,-1
417,-1,서연,네에에???,suyeon1,1,1,-1,-1,-1,-1,-1,-1,-1,-1,-1,-1,-1,-1,-1
418,-1,,서연은 급하게 구석에 웅크려 누우려는 고양이 쪽으로 다가갔다.,-1,-1,-1,-1,-1,-1,-1,-1,-1,-1,-1,-1,-1,-1,-1,-1
419,-1,서연,아 갑자기 무슨 소리에요!! 여기서 자면 죽는다고 한게 누군데!!!,suyeon1,1,1,-1,-1,-1,-1,-1,-1,-1,-1,-1,-1,-1,-1,-1
420,-1,고양이,죽는다고는 한 적 없다...,-1,-1,-1,cat1,1,-1,-1,-1,-1,-1,-1,-1,-1,-1,-1,-1
421,-1,고양이,저...,-1,-1,-1,cat1,1,-1,-1,-1,-1,-1,-1,-1,-1,-1,-1,-1
422,-1,,고양이는 귀찮다는 듯 손가락을 들어 방의 한쪽 벽에 앉아있는 누군가를 가리켰다.,0,-1,-1,-1,-1,-1,-1,-1,-1,-1,-1,-1,-1,-1,-1,-1
423,-1,???,...,상인1,1,-1,-1,-1,-1,-1,-1,-1,-1,-1,-1,-1,-1,-1,-1
424,-1,,후드를 깊게 눌러쓴 누군가는 조용히 이쪽을 보고있었다.,-1,-1,-1,-1,-1,-1,-1,-1,-1,-1,-1,-1,-1,-1,-1,-1
425,-1,,서연은 어렴풋이 그가 미소짓고 있는 것을 느꼈다.,-1,-1,-1,-1,-1,-1,-1,-1,-1,-1,-1,-1,-1,-1,-1,-1
426,-1,서연,히이익...,suyeon1,1,1,-1,-1,-1,-1,-1,-1,-1,-1,-1,-1,-1,-1,-1
427,-1,고양이,저녀석이 있는 곳은 안전하니 걱정마라...,-1,-1,-1,cat1,1,-1,-1,-1,-1,-1,-1,-1,-1,-1,-1,-1
428,-1,,안전하다고? 어딜봐도 미친듯이 수상쩍은데? 라고 서연은 생각했지만.,0,-1,-1,0,-1,-1,-1,-1,-1,-1,-1,-1,-1,-1,-1,-1
429,-1,,고개를 돌린 곳의 고양이는 순식간에 너무나도 곤히 자고있었다. ,-1,-1,-1,-1,-1,-1,-1,-1,-1,-1,-1,-1,-1,-1,-1,-1
430,-1,,자신 때문에 그가 고생을 했다고 생각하니 조금 마음이 쓰이기도 했고.,-1,-1,-1,-1,-1,-1,-1,-1,-1,-1,-1,-1,-1,-1,-1,-1
431,-1,,물론 처음만난 사이일 뿐이라고 생각은 하긴 했지만. ,-1,-1,-1,-1,-1,-1,-1,-1,-1,-1,-1,-1,-1,-1,-1,-1
432,-1,???,아가씨...,-1,-1,-1,상인1,1,-1,-1,-1,-1,-1,-1,-1,-1,-1,-1,-1
433,-1,,낮고 음흉한 목소리가 귓가에 닿자 서연은 몸을 퍼드득 떨었다. ,suyeon1,1,1,0,-1,-1,-1,-1,-1,-1,-1,-1,-1,-1,-1,-1
434,-1,,당장이라도 도망치고 싶었지만...,-1,-1,-1,-1,-1,-1,-1,-1,-1,-1,-1,-1,-1,-1,-1,-1
435,-1,,어째선지 탐험가의 본능이 저 음침한 사람과 말을 나눠보라고 하는 것 같다...,-1,-1,-1,-1,-1,-1,-1,-1,-1,-1,-1,-1,-1,-1,-1,-1
436,-1,,어떻게 하지?,0,-1,-1,-1,-1,-1,-1,-1,2,-1,-1,-1,-1,-1,-1,-1
437,-1,,자리를 뜬다.,-1,-1,-1,-1,-1,-1,-1,-1,-1,439,-1,-1,-1,-1,-1,-1
438,-1,,말 정도는 나눠볼까.,-1,-1,-1,-1,-1,-1,-1,-1,-1,442,-1,-1,-1,-1,-1,-1
439,-1,,서연은 결국 참지 못하고 자리를 떳다. ,-1,-1,-1,-1,-1,-1,-1,-1,-1,-1,-1,-1,-1,-1,-1,-1
440,-1,,이상한 일에 다시 휘말리는 것은 사양이었다...,-1,-1,-1,-1,-1,-1,-1,-1,-1,-1,-1,-1,-1,-1,-1,-1
441,-1,,서연은 몰래 방 밖으로 나갔다.,-1,-1,-1,-1,-1,-1,-1,-1,-1,( 루비 안얻는 다른 루트로???,-1,-1,-1,-1,-1,-1
442,-1,서연,저... 저 부르셨어요?,suyeon1,1,1,-1,-1,-1,-1,-1,-1,-1,-1,-1,-1,-1,-1,-1
443,-1,???,그래.. 이리 와보시게나.,-1,-1,-1,상인1,1,-1,-1,-1,-1,-1,-1,-1,-1,-1,-1,-1
444,-1,,서연은 미심쩍은 얼굴을 숨기지 못하고 조심스럽게 낯선 사람에게 다가갔다. ,-1,-1,1,0,-1,-1,-1,-1,-1,-1,-1,-1,-1,-1,-1,-1
445,-1,,짙게 드리운 후드 아래의 음영 때문에 맨 얼굴은 잘 보이지 않았지만,-1,-1,-1,-1,-1,-1,-1,-1,-1,-1,-1,-1,-1,-1,-1,-1
446,-1,,꽤나 나이가 있어 보이는 인상이었다. ,-1,-1,-1,-1,-1,-1,-1,-1,-1,-1,-1,-1,-1,-1,-1,-1
447,-1,???,흐흐흐...,-1,-1,-1,상인1,1,-1,-1,-1,-1,-1,-1,-1,-1,-1,-1,-1
448,-1,서연,혹시 무슨일로... ,suyeon1,1,-1,-1,-1,-1,-1,-1,-1,-1,-1,-1,-1,-1,-1,-1
449,-1,???,아가씨... 여기 사람이 아니구먼? ,-1,-1,-1,상인1,1,-1,-1,-1,-1,-1,-1,-1,-1,-1,-1,-1
450,-1,서연,...!,suyeon1,1,1,-1,-1,-1,-1,-1,-1,-1,-1,-1,-1,-1,-1,-1
451,-1,,서연은 그 말에 화들짝 놀랐다. ,-1,-1,-1,-1,-1,-1,-1,-1,-1,-1,-1,-1,-1,-1,-1,-1
452,-1,,정신나간 노인의 헛소리라는 생각이 제일 먼저 들어야 했지만,-1,-1,-1,-1,-1,-1,-1,-1,-1,-1,-1,-1,-1,-1,-1,-1
453,-1,,내심 뭔가 이상하다고 느끼고 있었는지 그 말이 그리 쉽게 스쳐 지나가진 않았다. ,-1,-1,-1,-1,-1,-1,-1,-1,-1,-1,-1,-1,-1,-1,-1,-1
454,-1,서연,그게 무슨 말씀이세요...?,suyeon1,1,-1,-1,-1,-1,-1,-1,-1,-1,-1,-1,-1,-1,-1,-1
455,-1,???,아가씨... 이상한 것과 엮였어. ,-1,-1,-1,상인1,1,-1,-1,-1,-1,-1,-1,-1,-1,-1,-1,-1
456,-1,,서연은 그 말에 무언가 떠올랐다. 이상한 것. 그러고보니...,-1,-1,-1,-1,-1,-1,-1,-1,-1,-1,-1,-1,-1,-1,-1,-1
457,-1,,무언가 떠오른 듯 자신의 가방에 손을 집어넣자마자 노인이 말했다.,-1,-1,-1,-1,-1,-1,-1,-1,-1,-1,-1,-1,-1,-1,-1,-1
458,-1,???,그래. 그거. ,-1,-1,-1,상인1,1,1,-1,-1,-1,-1,-1,-1,-1,-1,-1,-1
459,-1,,무슨 점집 무당마냥.. 자신의 생각을 꿰뚫는 듯 한 말에 서연은 다시한번 놀랐다. ,-1,-1,1,-1,-1,-1,-1,-1,-1,-1,-1,-1,-1,-1,-1,-1
460,-1,,서연이 조심히 꺼낸 것은... 그 요상한 조각상이었다.,-1,-1,-1,-1,-1,-1,-1,-1,-1,-1,-1,-1,-1,-1,-1,-1
461,-1,요상한 조각상,...,고양이 조각상,1,-1,-1,-1,-1,-1,-1,-1,-1,-1,-1,-1,-1,-1,-1
462,-1,???,하하.. 고놈 참... ,-1,-1,-1,상인1,1,-1,-1,-1,-1,-1,-1,-1,-1,-1,-1,-1
463,-1,???,그렇게 세월이 지났는데도 아직도 고집을 버리지 못했나보군. 그렇지? ,-1,-1,-1,상인1,1,-1,-1,-1,-1,-1,-1,-1,-1,-1,-1,-1
464,-1,,조각상을 바라보며 말을 하는 노인의 말에 서연은 의아해 했다. ,-1,-1,-1,-1,-1,-1,-1,-1,-1,-1,-1,-1,-1,-1,-1,-1
465,-1,,왜 조각상이 살아있는 것 처럼 말을 거는걸까?,-1,-1,-1,-1,-1,-1,-1,-1,-1,-1,-1,-1,-1,-1,-1,-1
466,-1,???,아가씨. 이름이 어찌되는가?,-1,0,-1,상인1,1,-1,-1,-1,-1,-1,-1,-1,-1,-1,-1,-1
467,-1,서연,네$ 넵? 서연.. 이라고 합니다.,suyeon1,1,1,-1,-1,-1,-1,-1,-1,-1,-1,-1,-1,-1,-1,-1
468,-1,상인,나는.. 그냥 떠돌이 상인이라 불러주게. ,-1,-1,-1,상인1,1,-1,-1,-1,-1,-1,-1,-1,-1,-1,-1,-1
469,-1,상인,우리는 이름 같은것이 그리 필요치 않거든. 저녀석 처럼 말이야. ,-1,-1,-1,상인1,1,-1,-1,-1,-1,-1,-1,-1,-1,-1,-1,-1
470,-1,,상인이 구석에 몸을 말고 곤히 자고있는 고양이를 가리켰다. ,0,-1,-1,0,-1,-1,-1,-1,-1,-1,-1,-1,-1,-1,-1,-1
471,-1,상인,아가씨가 온 미래에선 이름이 꽤나 중요해지나 보군?,-1,-1,-1,상인1,1,-1,-1,-1,-1,-1,-1,-1,-1,-1,-1,-1
472,-1,서연,미래... 요?,suyeon1,1,-1,-1,-1,-1,-1,-1,-1,-1,-1,-1,-1,-1,-1,-1
473,-1,상인,몰랐는가?,-1,-1,-1,상인1,1,-1,-1,-1,-1,-1,-1,-1,-1,-1,-1,-1
474,-1,,서연은 눈을 크게 떳다. 상인은 가볍게 웃었다.,-1,-1,1,-1,-1,-1,-1,-1,-1,-1,-1,-1,-1,-1,-1,-1
475,-1,상인,아가씨는 미래에서 왔네. 정확히는 모르겠지만... 참으로 먼 미래야.,-1,-1,-1,상인1,1,-1,-1,-1,-1,-1,-1,-1,-1,-1,-1,-1
476,-1,서연,제가 지금 과거에 와있다는 말씀이신거에요?? ,suyeon1,1,1,-1,-1,-1,-1,-1,-1,-1,-1,-1,-1,-1,-1,-1
477,-1,상인,그런 셈이지.,-1,-1,-1,상인1,1,-1,-1,-1,-1,-1,-1,-1,-1,-1,-1,-1
478,-1,,서연이 충격을 감추지 못했다. ,-1,-1,-1,-1,-1,-1,-1,-1,-1,-1,-1,-1,-1,-1,-1,-1
479,-1,,하지만 받아들일 수 밖에 없었다. ,-1,-1,-1,-1,-1,-1,-1,-1,-1,-1,-1,-1,-1,-1,-1,-1
480,-1,,상식이 통하지 않는 대화$ 붕괴했음에도 멀쩡했던 몸$ 기이한 던전 구조...,-1,-1,-1,-1,-1,-1,-1,-1,-1,-1,-1,-1,-1,-1,-1,-1
481,-1,,어느것 하나 들어맞지 않는 것이 없었다. ,-1,-1,-1,-1,-1,-1,-1,-1,-1,-1,-1,-1,-1,-1,-1,-1
482,-1,상인,... 참으로 재미있지 않은가? 운명이란 것은 말이야. ,-1,-1,-1,상인1,1,-1,-1,-1,-1,-1,-1,-1,-1,-1,-1,-1
483,-1,,서연이 혼란스러워 하는 사이에 상인이 이상한 말을 하기 시작했다. ,-1,-1,-1,-1,-1,-1,-1,-1,-1,-1,-1,-1,-1,-1,-1,-1
484,-1,상인,운명을 거스르겠다 한들$ 충실하게 운명을 따르게 되었군 그래. ,-1,-1,-1,상인1,1,-1,-1,-1,-1,-1,-1,-1,-1,-1,-1,-1
485,-1,,영문모를 말을 하는 상인을 울기 직전인 얼굴로 바라보던 서연은 무언가를 알아챘다.,-1,-1,-1,-1,-1,-1,-1,-1,-1,-1,-1,-1,-1,-1,-1,-1
486,-1,서연,할아버지... 혹시...,suyeon1,1,-1,-1,-1,-1,-1,-1,-1,-1,-1,-1,-1,-1,-1,-1
487,-1,상인,그럼. 나는 아가씨를 다시 원래 있는 곳으로 되돌려 줄 방법을 알고있다네. ,-1,-1,-1,상인1,1,-1,-1,-1,-1,-1,-1,-1,-1,-1,-1,-1
488,-1,,그 말에 서연의 얼굴에 화색이 돌았다. ,-1,-1,-1,-1,-1,-1,-1,-1,-1,-1,-1,-1,-1,-1,-1,-1
489,-1,서연,어떻게요???,suyeon1,1,1,-1,-1,-1,-1,-1,-1,-1,-1,-1,-1,-1,-1,-1
490,-1,상인,흘흘..,-1,-1,-1,상인1,1,-1,-1,-1,-1,-1,-1,-1,-1,-1,-1,-1
491,-1,,상인은 그 말을 듣고 자리에서 느릿하게 일어났다. ,0,-1,-1,-1,-1,1,-1,-1,-1,-1,-1,-1,-1,-1,-1,-1
492,-1,상인,따라 오시게나.,-1,-1,-1,상인1,1,-1,-1,-1,-1,-1,-1,-1,-1,-1,-1,-1
493,-1,,고민할 것도 없었다. ,-1,-1,-1,0,-1,-1,-1,-1,-1,-1,-1,-1,-1,-1,-1,-1
494,-1,,서연은 고양이를 방에 두고 상인을 따라 방 밖으로 나갔다. ,-1,-1,-1,-1,-1,-1,-1,-1,-1,-1,-1,-1,-1,-1,-1,-1
495,-1,,,-1,-1,-1,-1,-1,-1,창고,-1,-1,-1,-1,-1,-1,-1,-1,-1
496,-1,,상인은 서연을 데리고 문이 달린 어느 방 앞으로 다가왔다. ,-1,-1,-1,-1,-1,-1,-1,-1,-1,-1,-1,-1,-1,-1,-1,-1
497,-1,,문을 천천히 열자 그 안에는 금은보화가 가득 차있었다. ,-1,-1,-1,-1,-1,-1,-1,-1,-1,-1,-1,-1,-1,-1,-1,-1
498,-1,,서연은 보자마자 탐험가의 욕망이 끓어올랐지만,-1,-1,-1,-1,-1,-1,-1,-1,-1,-1,-1,-1,-1,-1,-1,-1
499,-1,,이어지는 상인의 말에 그 욕망은 싸그리 식어 없어져 버렸다.,-1,-1,-1,-1,-1,-1,-1,-1,-1,-1,-1,-1,-1,-1,-1,-1
500,-1,상인,"남쪽의 악마. ""마몬""의 저주를 받은 보물들일세. ",-1,-1,-1,상인1,1,-1,-1,-1,-1,-1,-1,-1,-1,-1,-1,-1
501,-1,상인,무턱대고 만졌다간 아가씨도 이 보물의 일부가 되어버릴게야. 안전을 위해 내 이곳에 모아두었지.,-1,-1,-1,상인1,1,-1,-1,-1,-1,-1,-1,-1,-1,-1,-1,-1
502,-1,서연,그럼 할아버님은 어떻게 이걸...,suyeon1,1,-1,-1,-1,-1,-1,-1,-1,-1,-1,-1,-1,-1,-1,-1
503,-1,상인,홀홀... 거기에 이 저주의 비밀이 숨겨져있다네.,-1,-1,-1,상인1,1,-1,-1,-1,-1,-1,-1,-1,-1,-1,-1,-1
504,-1,,서연이 무슨말인지 의아해 하자 상인이 갑자기 보물속에 손을 푹 집어넣었다.,-1,-1,-1,-1,-1,-1,-1,-1,-1,-1,-1,-1,-1,-1,-1,-1
505,-1,서연,사$ 상인 할아버지?!,suyeon1,1,1,-1,-1,-1,-1,-1,-1,-1,-1,-1,-1,-1,-1,-1
506,-1,,상인은 웃으며 여유롭게 보물 안쪽을 뒤적거리더니 안에서 무언가를 뭉터기로 꺼냈다.,-1,-1,-1,-1,-1,-1,-1,-1,-1,-1,-1,-1,-1,-1,-1,-1
507,-1,,은화 몇개와 동화 여러개가 담겨있는 상인의 손은 멀쩡했다. ,-1,-1,-1,-1,-1,-1,-1,-1,-1,-1,-1,-1,-1,-1,-1,-1
508,-1,상인,홀홀홀...,-1,-1,-1,상인1,1,-1,-1,-1,-1,-1,-1,-1,-1,-1,-1,-1
509,-1,서연,저주가.. 걸려있던 것 아니세요? 혹시 저주를 막아주는 뭔가를...,suyeon1,1,-1,-1,-1,-1,-1,-1,-1,-1,-1,-1,-1,-1,-1,-1
510,-1,상인,그런게 아닐세. 실로 간단한게야. ,-1,-1,-1,상인1,1,-1,-1,-1,-1,-1,-1,-1,-1,-1,-1,-1
511,-1,상인,"난 이게 ""진심으로 필요""하거든. ",-1,-1,-1,상인1,1,-1,-1,-1,-1,-1,-1,-1,-1,-1,-1,-1
512,-1,상인,마몬의 저주는 진심으로 필요한 것에는 통하지 않는 법일세.,-1,-1,-1,상인1,1,-1,-1,-1,-1,-1,-1,-1,-1,-1,-1,-1
513,-1,상인,"이 잔돈은 내게 ""진심으로 필요""하네. 거슬러 줄 돈이 모자라서 말이야. ",-1,-1,-1,상인1,1,-1,-1,-1,-1,-1,-1,-1,-1,-1,-1,-1
514,-1,서연,"""진심으로 필요""...?",suyeon1,1,-1,-1,-1,-1,-1,-1,-1,-1,-1,-1,-1,-1,-1,-1
515,-1,상인,나같은 상인 나부랭이와 좀도둑 들은 금화 한두닢 으로 충분하지. ,-1,-1,-1,상인1,1,-1,-1,-1,-1,-1,-1,-1,-1,-1,-1,-1
516,-1,상인,그릇이 작은게야. 암. ,-1,-1,-1,상인1,1,-1,-1,-1,-1,-1,-1,-1,-1,-1,-1,-1
517,-1,,아직도 뭔가 제대로 이해하지 못한 듯 멍한 서연에게 상인은 다시 말을 걸어왔다. ,-1,-1,-1,-1,-1,-1,-1,-1,-1,-1,-1,-1,-1,-1,-1,-1
518,-1,상인,아가씨. 탐험가인 게지? ,-1,-1,-1,상인1,1,-1,-1,-1,-1,-1,-1,-1,-1,-1,-1,-1
519,-1,서연,네? 어... 그렇..죠?,suyeon1,1,-1,-1,-1,-1,-1,-1,-1,-1,-1,-1,-1,-1,-1,-1
520,-1,상인,그리하면... 실로 간단하겠군 그래.,-1,-1,-1,상인1,1,-1,-1,-1,-1,-1,-1,-1,-1,-1,-1,-1
521,-1,,상인은 서연에게 자리를 비켜주었다.,-1,-1,-1,-1,-1,-1,-1,-1,-1,-1,-1,-1,-1,-1,-1,-1
522,-1,상인,그대가 찾아야 할 것을 찾게. ,-1,-1,-1,상인1,1,-1,-1,-1,-1,-1,-1,-1,-1,-1,-1,-1
523,-1,,금은 보화는 언제나처럼 호화스럽게 반짝였지만 불길한 기운이 서려 있었다.,0,-1,-1,0,-1,-1,-1,-1,-1,-1,-1,-1,-1,-1,-1,-1
524,-1,,상인이 말한 저주의 존재는 의심할것이 아니였다.,-1,-1,-1,-1,-1,-1,-1,-1,-1,-1,-1,-1,-1,-1,-1,-1
525,-1,,심지어 가까이 있으면 서서히 힘이 빠져나가는 것 까지 느껴진다. ,-1,-1,-1,-1,-1,-1,-1,-1,-1,-1,-1,-1,-1,-1,-1,-1
526,-1,,고통스러운 경험이 뒤따를지도 모른다. 정말 괜찮을까?,-1,-1,-1,-1,-1,-1,-1,-1,2,-1,-1,-1,-1,-1,-1,-1
527,-1,,이 정도는 별거 아니다. 난 할 수 있다.,-1,-1,-1,-1,-1,-1,-1,-1,-1,529,-1,-1,-1,-1,-1,-1
528,-1,,그만두자. ,-1,-1,-1,-1,-1,-1,-1,-1,-1,(암튼  루비 안얻는 다른 루트로??),-1,-1,-1,-1,-1,-1
529,-1,,서연은 잠시 고민하다가 마음을 다시한번 다잡았다. ,suyeon1,1,-1,-1,-1,-1,-1,-1,-1,-1,-1,-1,-1,-1,-1,-1
530,-1,,그리곤 금은보화에 가감없이 손을 푹 집어넣었다. ,suyeon1,1,1,-1,-1,-1,-1,-1,-1,-1,-1,-1,보물 뒤지는 소리,-1,-1,-1
531,-1,,차가워진 금속들에게 자신의 체온이 서서히 빼앗겨 가는 것이 느껴지고 있었다.,-1,-1,-1,-1,-1,-1,-1,-1,-1,-1,-1,-1,-1,-1,-1,-1
532,-1,서연,으으..!! 으.. 윽...!,suyeon1,1,1,-1,-1,-1,-1,-1,-1,-1,-1,-1,-1,-1,-1,-1
533,-1,,고통이 서연의 두 팔을 감싸왔다. 시체가 팔을 어루만지듯 섬뜩했다.,-1,-1,-1,-1,-1,-1,-1,-1,-1,-1,-1,-1,-1,-1,-1,-1
534,-1,,이대로는 안된다. 해결책을 찾아야 한다.,-1,-1,-1,-1,-1,-1,-1,-1,-1,-1,-1,-1,-1,-1,-1,-1
535,-1,,내가 필요로 하는 것이 뭐지? 난 탈출을 원하는데?,-1,-1,-1,-1,-1,-1,-1,-1,-1,-1,-1,-1,-1,-1,-1,-1
536,-1,,하지만 그 뒤에는? 그 뒤에는 어떻게 하지? 난 여전히 쓸모없는 F급 탐험자...,-1,-1,-1,-1,-1,-1,-1,-1,-1,-1,-1,-1,-1,-1,-1,-1
537,-1,,나아질게 없는데. 그냥 언제나처럼... 입에 풀칠만 할 수있으면 되는데.,-1,-1,-1,-1,-1,-1,-1,-1,-1,-1,-1,-1,-1,-1,-1,-1
538,-1,,어라...? 그러면 대체난 뭘 위해...,-1,-1,-1,-1,-1,-1,-1,-1,-1,-1,-1,-1,-1,-1,-1,-1
539,-1,,탐험가가... 된 걸까...,-1,-1,-1,-1,-1,-1,-1,-1,-1,-1,-1,-1,-1,-1,-1,-1
540,-1,서연,...,suyeon1,1,-1,-1,-1,-1,-1,-1,-1,-1,-1,-1,-1,-1,-1,-1
541,-1,서연,....,suyeon1,-1,-1,-1,-1,-1,-1,-1,-1,-1,-1,-1,-1,-1,-1,-1
542,-1,서연,....!,suyeon1,1,1,-1,-1,-1,-1,-1,-1,-1,-1,-1,-1,-1,-1,-1
543,-1,,서연은 탐험가가 된 이유를 떠올렸다. ,-1,-1,-1,-1,-1,-1,-1,-1,-1,-1,-1,-1,-1,-1,-1,-1
544,-1,,그것은 아주 사소하고.. 작은 것이었다. 나에게 보내는 작은 쪽지... 소원을 이뤄주는 붉은 별...,-1,-1,-1,-1,-1,-1,-1,-1,-1,-1,-1,-1,-1,-1,-1,중요한 떡밥임. 암튼 그럼
545,-1,,서연은 그것을 손에 꽉 쥐고 들어올렸다. ,-1,1,1,-1,-1,-1,-1,-1,-1,-1,-1,-1,-1,-1,-1,-1
546,-1,상인,오오오...,-1,-1,-1,상인1,1,-1,-1,-1,-1,-1,-1,-1,-1,-1,-1,-1
547,-1,서연,... 찾았어요. ,suyeon1,1,-1,-1,-1,-1,-1,-1,-1,-1,-1,-1,-1,-1,-1,-1
548,-1,서연,"내가 ""정말 필요로"" 했던 보물...",suyeon1,1,-1,-1,-1,-1,-1,-1,-1,-1,-1,-1,-1,-1,-1,-1
549,-1,,서연은 손에 잡힌 붉은색 루비를 한참이나 바라보았다.,-1,-1,-1,0,-1,-1,-1,-1,-1,-1,-1,-1,-1,붉은 보석,-1,-1
550,-1,,히비스커스를 담아낸 듯한 새빨간 루비가 빛에 반사되어 별처럼 반짝였다.,-1,-1,-1,-1,-1,-1,-1,-1,-1,-1,-1,-1,-1,붉은 보석,-1,-1
551,-1,,서연은 무언가를 떠올리며 잠시 동안 홀린 듯 루비를 바라보았다.,-1,-1,-1,-1,-1,-1,-1,-1,-1,-1,-1,-1,-1,붉은 보석,-1,-1
552,-1,상인,아주 잘 깨달은 모양이구려. 아가씨.,-1,-1,-1,상인1,1,-1,-1,-1,-1,-1,-1,-1,-1,0,-1,-1
553,-1,서연,그런 것 같아요. ,suyeon1,1,-1,-1,-1,-1,-1,-1,-1,-1,-1,-1,-1,-1,-1,-1
554,-1,,서연은 루비를 품안에 소중히 넣었다. ,0,-1,-1,0,-1,-1,-1,-1,-1,-1,-1,-1,-1,-1,-1,-1
555,-1,,다이아도$ 에메랄드도$ 사파이어도 아니였다. ,-1,-1,-1,-1,-1,-1,-1,-1,-1,-1,-1,-1,-1,-1,-1,-1
556,-1,,자신에게 필요한 것은 이 루비 하나 뿐이었다. ,-1,-1,-1,-1,-1,-1,-1,-1,-1,-1,-1,-1,-1,-1,-1,-1
557,-1,,,-1,-1,-1,-1,-1,-1,(상인이 있는 방,-1,-1,-1,-1,-1,-1,-1,-1,-1
558,-1,,서연이 다시 방으로 돌아오자 잠을 자고있던 고양이는 기지개를 피며 몸을 일으키고 있었다. ,-1,-1,-1,-1,-1,-1,-1,-1,-1,-1,-1,-1,-1,-1,-1,-1
559,-1,,실로 고양이 다운 몸짓으로.,-1,-1,-1,-1,-1,-1,-1,-1,-1,-1,-1,-1,-1,-1,-1,-1
560,-1,고양이,끙...,-1,-1,-1,cat1,1,1,-1,-1,-1,-1,-1,-1,-1,-1,-1,-1
561,-1,서연,드디어 정신이 좀 드세요?,suyeon1,1,-1,-1,-1,-1,-1,-1,-1,-1,-1,-1,-1,-1,-1,-1
562,-1,,서연은 자신의 시계를 바라봤다. ,0,-1,-1,0,-1,-1,-1,-1,-1,-1,-1,-1,-1,-1,-1,-1
563,-1,,나간지 두 시간 정도. 이정도면 충분한 휴식이었을 법도 한데. ,-1,-1,-1,-1,-1,-1,-1,-1,-1,-1,-1,-1,-1,-1,-1,-1
564,-1,,고양이는 여전히 피곤한 듯 눈을 느릿하게 꿈뻑였다. ,-1,-1,-1,-1,-1,-1,-1,-1,-1,-1,-1,-1,-1,-1,-1,-1
565,-1,고양이,어어...,-1,-1,-1,cat1,1,-1,-1,-1,-1,-1,-1,-1,-1,-1,-1,-1
566,-1,서연,고양이가 잠이 많다고 듣긴 했는데...,suyeon1,1,-1,-1,-1,-1,-1,-1,-1,-1,-1,-1,-1,-1,-1,-1
567,-1,,정말 극심한 컨셉... 아니지. ,0,-1,-1,0,-1,-1,-1,-1,-1,-1,-1,-1,-1,-1,-1,-1
568,-1,,그는 정말 고양이가 맞는 거겠지. ,-1,-1,-1,-1,-1,-1,-1,-1,-1,-1,-1,-1,-1,-1,-1,-1
569,-1,상인,흘흘... 그대는 언제나 잠이 많았지. 아직까지 바뀌진 못한 모양이야. ,-1,-1,-1,상인1,1,-1,-1,-1,-1,-1,-1,-1,-1,-1,-1,-1
570,-1,고양이,시끄러워 영감...,-1,-1,-1,cat1,1,-1,-1,-1,-1,-1,-1,-1,-1,-1,-1,-1
571,-1,고양이,그건 그렇고...,-1,-1,-1,cat1,1,-1,-1,-1,-1,-1,-1,-1,-1,-1,-1,-1
572,-1,,고양이의 얇게 뜨여진 눈이 서연을 향했다. ,-1,-1,-1,-1,-1,-1,-1,-1,-1,-1,-1,-1,-1,-1,-1,-1
573,-1,고양이,넌... 무슨 일이라도 있었나. ,-1,-1,-1,cat1,1,-1,-1,-1,-1,-1,-1,-1,-1,-1,-1,-1
574,-1,서연,네? 아$ 뭐어... 조금...,suyeon1,1,1,-1,-1,-1,-1,-1,-1,-1,-1,-1,-1,-1,-1,-1
575,-1,고양이,뭔가 힘이 빠진 얼굴이다만.,-1,-1,-1,cat1,1,-1,-1,-1,-1,-1,-1,-1,-1,-1,-1,-1
576,-1,,고양이는 자신에게 무언가 숨기는 것이 있는지 살펴보는 듯 했지만,0,-1,-1,0,-1,-1,-1,-1,-1,-1,-1,-1,-1,-1,-1,-1
577,-1,,곧 별 말없이 물러났다. ,-1,-1,-1,-1,-1,-1,-1,-1,-1,-1,-1,-1,-1,-1,-1,-1
578,-1,고양이,됐다. 저 영감은 언제나 이상한 말들로 골려먹으니...,-1,-1,-1,cat1,1,-1,-1,-1,-1,-1,-1,-1,-1,-1,-1,-1
579,-1,상인,그러엄. 내가 그대를 통해서 재미를 좀 많이 봤지. ,-1,-1,-1,상인1,1,-1,-1,-1,-1,-1,-1,-1,-1,-1,-1,-1
580,-1,,고양이는 좀 불편한 표정을 지었지만 대충 넘겨버린다. ,-1,-1,-1,0,-1,-1,-1,-1,-1,-1,-1,-1,-1,-1,-1,-1
581,-1,,서연은 둘의 친밀함을 옅본 듯 했다.,-1,-1,-1,-1,-1,-1,-1,-1,-1,-1,-1,-1,-1,-1,-1,-1
582,-1,상인,그건 그렇고 자네들. 이대로 나아갈 생각인 게지?,-1,-1,-1,상인1,1,-1,-1,-1,-1,-1,-1,-1,-1,-1,-1,-1
583,-1,고양이,그렇겠지. 이미 여기까지 온 이상 되돌아가는 것 보다 진행하는게 더 가능성 있으니.,-1,-1,-1,cat1,1,-1,-1,-1,-1,-1,-1,-1,-1,-1,-1,-1
584,-1,상인,그러면 이곳에서 한번 푹 쉬고 가시게나. ,-1,-1,-1,상인1,1,-1,-1,-1,-1,-1,-1,-1,-1,-1,-1,-1
585,-1,상인,앞으로 일어날 일은 더 험난할 테고...,-1,-1,-1,상인1,1,-1,-1,-1,-1,-1,-1,-1,-1,-1,-1,-1
586,-1,,상인은 서연을 보며 미소지었다. ,suyeon1,-1,1,-1,-1,-1,-1,-1,-1,-1,-1,-1,-1,-1,-1,-1
587,-1,,처음과는 달리 그 웃음이 서연에게 그다지 불쾌하게 다가오진 않는 듯 했다. ,-1,-1,-1,-1,-1,-1,-1,-1,-1,-1,-1,-1,-1,-1,-1,-1
588,-1,상인,그대들. 느긋하게 이야기를 나눌 시간이 부족하지 않았는가?,-1,-1,-1,상인1,1,-1,-1,-1,-1,-1,-1,-1,-1,-1,-1,-1
589,-1,고양이,... 그런게 필요한-,-1,-1,-1,cat1,1,-1,-1,-1,-1,-1,-1,-1,-1,-1,-1,-1
590,-1,서연,... 그러게요.,suyeon1,1,-1,-1,-1,-1,-1,-1,-1,-1,-1,-1,-1,-1,-1,-1
591,-1,고양이,...? ,-1,-1,-1,cat1,1,-1,-1,-1,-1,-1,-1,-1,-1,-1,-1,-1
592,-1,,고양이는 약간 당황한 눈빛이었다. ,0,-1,-1,0,-1,-1,-1,-1,-1,-1,-1,-1,-1,-1,-1,-1
593,-1,,,-1,-1,-1,-1,-1,-1,어두운 상인 방,-1,-1,-1,-1,모닥불 소리,-1,-1,-1,-1
594,-1,,상인은 야영물자를 제공해 주었다. ,-1,-1,-1,-1,-1,-1,-1,-1,-1,-1,-1,-1,-1,-1,-1,-1
595,-1,,서연은 능숙하게 물자를 받아 모닥불을 피우고 자리를 잡았다. ,-1,-1,-1,-1,-1,-1,-1,-1,-1,-1,-1,-1,-1,-1,-1,-1
596,-1,,탐험가들은 가끔씩 던전에서 노숙을 해야 하는 상황이 오기 마련이다. ,-1,-1,-1,-1,-1,-1,-1,-1,-1,-1,-1,-1,-1,-1,-1,-1
597,-1,,일반적으로 몬스터 때문에 그리 권장되는 사항은 아니였지만. ,-1,-1,-1,-1,-1,-1,-1,-1,-1,-1,-1,-1,-1,-1,-1,-1
598,-1,,내심 버킷리스트에 올려두었던 항목을 하나 달성한 서연은 조용히 뿌듯해했다. ,-1,-1,-1,-1,-1,-1,-1,-1,-1,-1,-1,-1,-1,-1,-1,-1
599,-1,고양이,너.. 뭔가 즐기는 것 같다만. ,-1,-1,-1,cat1,1,-1,-1,-1,-1,-1,-1,-1,-1,-1,-1,-1
600,-1,,서연은 뭔가 뜨끔 했지만 곧 당당하게 털 침낭을 바닥에 펼쳤다. ,-1,-1,-1,-1,-1,-1,-1,-1,-1,-1,-1,-1,-1,-1,-1,-1
601,-1,서연,즐길 수 있을때 즐겨둬야죠- ,suyeon1,1,-1,-1,-1,-1,-1,-1,-1,-1,-1,-1,-1,-1,-1,-1
602,-1,,세팅이 다 된 이후에는 모닥불에 냄비를 올리고 물을 채워넣었다. ,-1,-1,-1,-1,-1,-1,-1,-1,-1,-1,-1,-1,-1,-1,-1,-1
603,-1,,상인이 준 고기와 야채$ 각종 향신료... 전부다 자신이 아는 식재료와는 거리가 있어 보였지만. ,-1,-1,-1,-1,-1,-1,-1,-1,-1,-1,-1,-1,-1,-1,-1,-1
604,-1,,모아놓은 식재료를 보아하니 어떤 레시피가 바로 떠올랐다.,-1,-1,-1,-1,-1,-1,-1,-1,-1,-1,-1,-1,-1,-1,-1,-1
605,-1,서연,좋아. 실력 발휘 좀 해볼까요-,suyeon1,1,-1,-1,-1,-1,-1,-1,-1,-1,-1,-1,-1,-1,-1,-1
606,-1,고양이,꽤나... 못미덥다만..,-1,-1,-1,cat1,1,-1,-1,-1,-1,-1,-1,-1,-1,-1,-1,-1
607,-1,서연,자취 5년차를 얕보지 마시죠?,suyeon1,1,-1,-1,-1,-1,-1,-1,-1,-1,-1,-1,-1,-1,-1,-1
608,-1,,두 팔을 걷어붙인 서연은 곧바로 요리에 시작했다. ,-1,-1,-1,-1,-1,-1,-1,-1,-1,-1,-1,-1,-1,-1,-1,-1
609,-1,,고양이는 그 옆에서 여전히 못미덥다는 시선을 보내고 있었다. ,-1,-1,-1,-1,-1,-1,-1,-1,-1,-1,-1,-1,-1,-1,-1,-1
610,-1,고양이,자취는 또 뭔지...,-1,-1,-1,cat1,1,-1,-1,-1,-1,-1,-1,-1,-1,-1,-1,-1
611,-1,,상인은 그 모습을 보며 털털하게 웃었다.,0,-1,-1,0,-1,-1,-1,-1,-1,-1,-1,-1,-1,-1,-1,-1
612,-1,,,-1,-1,-1,-1,-1,-1,-1,-1,-1,-1,-1,-1,-1,-1,1,-1
613,-1,,잠시 뒤,-1,-1,-1,-1,-1,-1,-1,-1,-1,-1,-1,-1,-1,-1,-1,-1
614,-1,서연,됐다!,suyeon1,1,-1,-1,-1,-1,-1,-1,-1,-1,-1,-1,-1,-1,-1,-1
615,-1,고양이,참 오래도 걸렸다.,-1,-1,-1,cat1,1,-1,-1,-1,-1,-1,-1,-1,-1,-1,-1,-1
616,-1,,서연은 자신만만하게 요리를 내밀었다. ,0,-1,-1,0,-1,-1,-1,-1,-1,-1,-1,-1,-1,-1,-1,-1
617,-1,,김이 모락모락 피어오르는 고기와 야채의 모둠은 꽤나 먹음직 스럽게 완성됐다. ,-1,-1,-1,-1,-1,-1,-1,-1,-1,-1,-1,-1,-1,-1,-1,-1
618,-1,,차마 재료의 출처는 묻지 못했지만 조사 스킬의 결과는 모두 식용이 가능한 재료들이었다.,-1,-1,-1,-1,-1,-1,-1,-1,-1,-1,-1,-1,-1,-1,-1,-1
619,-1,서연,여기에 더해서- ,suyeon1,1,-1,-1,-1,-1,-1,-1,-1,-1,-1,-1,-1,-1,-1,-1
620,-1,,서연은 자신의 가방 안에서 새빨간 무언가가 담긴 통을 꺼내 들었다. ,-1,-1,-1,-1,-1,-1,-1,-1,-1,-1,-1,-1,-1,-1,-1,-1
621,-1,,"한국인이라면 모두가 알고 있을 ""김치""였다. ",-1,-1,-1,-1,-1,-1,-1,-1,-1,-1,-1,-1,-1,-1,-1,-1
622,-1,서연,던전 안에서 야영을 하면서 보쌈을 먹는다니...,suyeon1,1,-1,-1,-1,-1,-1,-1,-1,-1,-1,-1,-1,-1,-1,-1
623,-1,고양이,그런것 까지 들고 다니는거냐...?,-1,-1,-1,cat1,1,-1,-1,-1,-1,-1,-1,-1,-1,-1,-1,-1
624,-1,서연,로망인걸요! ,suyeon1,1,1,-1,-1,-1,-1,-1,-1,-1,-1,-1,-1,-1,-1,-1
625,-1,고양이,지금까지 본적 없는 얼굴이군...,-1,-1,-1,cat1,1,-1,-1,-1,-1,-1,-1,-1,-1,-1,-1,-1
626,-1,,고양이는 굳이 더 알고싶지 않아하는 표정으로 내어온 접시에 담긴 고기를 집어들었다. ,0,-1,-1,-1,-1,1,-1,-1,-1,-1,-1,-1,-1,-1,-1,-1
627,-1,,그러는 동안 서연은 준비한 식기를 통해 고기를 집어먹었다. ,-1,-1,-1,-1,-1,-1,-1,-1,-1,-1,-1,-1,-1,-1,-1,-1
628,-1,,맛은... 정말 환상적이었다. ,-1,-1,-1,-1,-1,-1,-1,-1,-1,-1,-1,-1,-1,-1,-1,-1
629,-1,고양이,먹어줄 만 하군...,-1,-1,-1,cat1,1,-1,-1,-1,-1,-1,-1,-1,-1,-1,-1,-1
630,-1,상인,늙은이 입맛에는 아주 잘 맞는구만!,-1,-1,-1,상인1,1,1,-1,-1,-1,-1,-1,-1,-1,-1,-1,-1
631,-1,,상인은 젓가락 비슷한걸 사용하면서 능숙하게 고기를 집어먹고 있었다.,-1,-1,-1,-1,-1,-1,-1,-1,-1,-1,-1,-1,-1,-1,-1,-1
632,-1,,저 할아버지는 어떻게 젓가락을 쓸 줄 아는거지... 서연은 의아했지만 아무래도 좋았다. ,-1,-1,-1,-1,-1,-1,-1,-1,-1,-1,-1,-1,-1,-1,-1,-1
633,-1,고양이,그래서. ,-1,-1,-1,cat1,1,-1,-1,-1,-1,-1,-1,-1,-1,-1,-1,-1
634,-1,,고양이가 먹는 것을 잠시 멈추고 갓 지어진 밥을 접시에 담으려던 서연을 바라보았다. ,-1,-1,-1,-1,-1,-1,-1,-1,-1,-1,-1,-1,-1,-1,-1,-1
635,-1,서연,네?,suyeon1,1,-1,-1,-1,-1,-1,-1,-1,-1,-1,-1,-1,-1,-1,-1
636,-1,고양이,하고싶은 말이 있어 보였는데.,-1,-1,-1,cat1,1,-1,-1,-1,-1,-1,-1,-1,-1,-1,-1,-1
637,-1,고양이,그것 때문에 이렇게 자리를 잡은 것 아니냐. ,-1,-1,-1,cat1,1,-1,-1,-1,-1,-1,-1,-1,-1,-1,-1,-1
638,-1,서연,... 눈치가 좋아도 너무 좋으신 거 아니에요? ,suyeon1,1,-1,-1,-1,-1,-1,-1,-1,-1,-1,-1,-1,-1,-1,-1
639,-1,고양이,인간은 뻔하니깐 말이다. ,-1,-1,-1,cat1,1,-1,-1,-1,-1,-1,-1,-1,-1,-1,-1,-1
640,-1,,서연은 잠시 고민하듯 불을 바라보며 젓가락으로 밥 위에 고기를 얹어 먹었다. ,0,-1,-1,0,-1,-1,-1,-1,-1,-1,-1,-1,-1,-1,-1,-1
641,-1,,긴 우물거림이 끝나자 무언가를 결심한듯 접시위에 식기를 얹고 내려놓았다. ,-1,-1,-1,-1,-1,-1,-1,-1,-1,-1,-1,-1,-1,-1,-1,-1
642,-1,서연,... 말 그대로 뻔한 이야기에요. ,suyeon1,1,-1,-1,-1,-1,-1,-1,-1,-1,-1,-1,-1,-1,-1,-1
643,-1,고양이,말해봐라. 들어줄테니까. ,-1,-1,-1,cat1,1,-1,-1,-1,-1,-1,-1,-1,-1,-1,-1,-1
644,-1,,서연은 무언가를 떠올리듯 몸을 뒤로 기울이고 두 손을 뒤로 해 몸을 지탱했다. ,0,-1,-1,-1,-1,-1,-1,-1,-1,-1,-1,-1,-1,-1,-1,-1
645,-1,서연,사실... 몇년 전 까지만 해도 전 탐험가 같은게 아니였어요.,suyeon1,1,-1,-1,-1,-1,-1,-1,-1,-1,-1,-1,-1,-1,-1,-1
646,-1,서연,원래는 평범한 회사원 이였죠. 탐험가 보다 좀 더 무난한... ,suyeon1,1,-1,-1,-1,-1,-1,-1,-1,-1,-1,-1,-1,-1,-1,-1
647,-1,서연,이쪽에서는 서기 같은걸로 생각하시면 편하실 꺼에요. ,suyeon1,1,-1,-1,-1,-1,-1,-1,-1,-1,-1,-1,-1,-1,-1,-1
648,-1,서연,지극히 평범하고 무난한... 평균에 맞는 그런 삶. ,suyeon1,1,-1,-1,-1,-1,-1,-1,-1,-1,-1,-1,-1,-1,-1,-1
649,-1,서연,분명 만족스럽게 살고 있었다... 라고 생각은 해요. 근데...,suyeon1,1,-1,-1,-1,-1,-1,-1,-1,-1,-1,-1,-1,-1,-1,-1
650,-1,고양이,근데?,-1,-1,-1,cat1,1,-1,-1,-1,-1,-1,-1,-1,-1,-1,-1,-1
651,-1,,서연이 뜸을 들이는 사이 고양이가 되물었다. ,-1,-1,-1,-1,-1,-1,-1,-1,-1,-1,-1,-1,-1,-1,-1,-1
652,-1,서연,근데 갑자기 대 발견을 해버리고 만거에요. ,suyeon1,1,-1,-1,-1,-1,-1,-1,-1,-1,-1,-1,-1,-1,-1,-1
653,-1,서연,아무 생각없이 집으로 가는 길이었는데. 싱크홀에 빠져버렸어요. ,suyeon1,1,-1,-1,-1,-1,-1,-1,-1,-1,-1,-1,-1,-1,-1,-1
654,-1,서연,싱크홀은 그니까 어... 갑자기 바닥이 무너져 내려서 생기는 큰 구멍을 말해요. ,suyeon1,1,-1,-1,-1,-1,-1,-1,-1,-1,-1,-1,-1,-1,-1,-1
655,-1,서연,마치 여기 오게 된 계기... 처럼...,suyeon1,1,-1,-1,-1,-1,-1,-1,-1,-1,-1,-1,-1,-1,-1,-1
656,-1,,서연은 이곳으로 자신을 이끈 그 붕괴를 떠올렸다. ,-1,-1,-1,-1,-1,-1,-1,-1,-1,-1,-1,-1,-1,-1,-1,-1
657,-1,고양이,...,-1,-1,-1,cat1,1,-1,-1,-1,-1,-1,-1,-1,-1,-1,-1,-1
658,-1,서연,하여튼 거기 빠졌는데. 갑자기 동굴에 갖혀버린 거 있죠. ,suyeon1,1,-1,-1,-1,-1,-1,-1,-1,-1,-1,-1,-1,-1,-1,-1
659,-1,서연,보통사람 이었다면 무서워서 구조요청하고 가만히 있었을텐데. ,suyeon1,1,-1,-1,-1,-1,-1,-1,-1,-1,-1,-1,-1,-1,-1,-1
660,-1,서연,저는 무언가에 홀린듯 동굴 안으로 깊이$ 더 깊이 들어갔어요.,suyeon1,1,-1,-1,-1,-1,-1,-1,-1,-1,-1,-1,-1,-1,-1,-1
661,-1,서연,정말 이상하죠?,suyeon1,1,-1,-1,-1,-1,-1,-1,-1,-1,-1,-1,-1,-1,-1,-1
662,-1,고양이,...,-1,-1,-1,cat1,1,-1,-1,-1,-1,-1,-1,-1,-1,-1,-1,-1
663,-1,,고양이는 조용히 서연의 말을 들어주고 있었다. ,-1,-1,-1,-1,-1,-1,-1,-1,-1,-1,-1,-1,-1,-1,-1,-1
664,-1,서연,깊이 들어간 그안에서...,suyeon1,1,-1,-1,-1,-1,-1,-1,-1,-1,-1,-1,-1,-1,-1,-1
665,-1,,서연은 자신의 가방 안에서을 뒤적거리더니 방금 얻었던 아름다운 루비를 꺼내 보여주었다. ,-1,-1,-1,-1,-1,-1,-1,-1,-1,-1,-1,-1,-1,-1,-1,-1
666,-1,서연,이거랑 비슷한 보석을 발견했어요. ,-1,-1,-1,-1,-1,-1,-1,-1,-1,-1,-1,-1,-1,-1,-1,-1
667,-1,서연,보석을 찾아내자마자 전 구조됐고. 다시 일상으로 돌아갔죠. ,suyeon1,1,-1,-1,-1,-1,-1,-1,-1,-1,-1,-1,-1,-1,-1,-1
668,-1,서연,"""소원을 들어주는 작은 별"" 이라고 부르면서 엄청 좋아했었는데. ",suyeon1,1,-1,-1,-1,-1,-1,-1,-1,-1,-1,-1,-1,-1,-1,-1
669,-1,서연,그런 줄 알았는데... 아무 문제 없는 줄 알았는데...,suyeon1,1,-1,-1,-1,-1,-1,-1,-1,-1,-1,-1,-1,-1,-1,-1
670,-1,,진지하게 말을 이어가던 서연은 가볍게 웃음을 터트렸다. ,-1,-1,-1,-1,-1,-1,-1,-1,-1,-1,-1,-1,-1,-1,-1,-1
671,-1,서연,일이 갑자기 너무 싫어진거에요. ,suyeon1,1,-1,-1,-1,-1,-1,-1,-1,-1,-1,-1,-1,-1,-1,-1
672,-1,서연,동굴에 있던 제 모습만 머릿속에 가득차있었어요. ,suyeon1,1,-1,-1,-1,-1,-1,-1,-1,-1,-1,-1,-1,-1,-1,-1
673,-1,서연,딴 생각을 자꾸 하니까 당연히 일은 손에 안잡히고$ 실적은 쭉쭉 떨어지고.,suyeon1,1,-1,-1,-1,-1,-1,-1,-1,-1,-1,-1,-1,-1,-1,-1
674,-1,서연,그러다 제가 관뒀어요. 솔직히 해고당한거에 가깝지만...,suyeon1,1,-1,-1,-1,-1,-1,-1,-1,-1,-1,-1,-1,-1,-1,-1
675,-1,서연,이제 어쩌나 싶을때 갑자기 '게이트'가 열리고$ '던전'이 생기고 뭐...,suyeon1,1,-1,-1,-1,-1,-1,-1,-1,-1,-1,-1,-1,-1,-1,-1
676,-1,서연,결국 제가 좋아하는 탐험가가 됐어요. ,suyeon1,1,-1,-1,-1,-1,-1,-1,-1,-1,-1,-1,-1,-1,-1,-1
677,-1,고양이,...,-1,-1,-1,cat1,1,-1,-1,-1,-1,-1,-1,-1,-1,-1,-1,-1
678,-1,,서연은 조금 울적한 표정을 지었다.,-1,-1,-1,-1,-1,-1,-1,-1,-1,-1,-1,-1,-1,-1,-1,-1
679,-1,서연,근데 결국...,suyeon1,1,-1,-1,-1,-1,-1,-1,-1,-1,-1,-1,-1,-1,-1,-1
680,-1,고양이,서기 시절 처럼 돌아갔군. ,-1,-1,-1,cat1,1,-1,-1,-1,-1,-1,-1,-1,-1,-1,-1,-1
681,-1,,서연은 고양이를 잠시 바라보았다. ,-1,-1,1,-1,-1,-1,-1,-1,-1,-1,-1,-1,-1,-1,-1,-1
682,-1,서연,네... 안정한 생활이 필요했으니까요. 규격에 맞춰 행동하면서 탐험은 뒤로$ 계속 뒤로 밀었어요.,suyeon1,1,-1,-1,-1,-1,-1,-1,-1,-1,-1,-1,-1,-1,-1,-1
683,-1,서연,그날$ 싱크홀에 빠진 제 모습은 서서히 잊어가고 있었고요. ,suyeon1,1,-1,-1,-1,-1,-1,-1,-1,-1,-1,-1,-1,-1,-1,-1
684,-1,서연,이것도... ,suyeon1,1,-1,-1,-1,-1,-1,-1,-1,-1,-1,-1,-1,-1,-1,-1
685,-1,,서연은 손에 쥔 보석을 바라보았다. ,-1,-1,-1,-1,-1,-1,-1,-1,-1,-1,-1,-1,-1,-1,-1,-1
686,-1,서연,돈이 필요해서. 팔아치워버렸어요.,suyeon1,1,-1,-1,-1,-1,-1,-1,-1,-1,-1,-1,-1,-1,-1,-1
687,-1,서연,결국 하나도 바뀐건 없었는데...,suyeon1,1,-1,-1,-1,-1,-1,-1,-1,-1,-1,-1,-1,-1,-1,-1
688,-1,고양이,바뀐게 없다고? 그건 아니지. ,-1,-1,-1,cat1,1,-1,-1,-1,-1,-1,-1,-1,-1,-1,-1,-1
689,-1,서연,네?,suyeon1,1,-1,-1,-1,-1,-1,-1,-1,-1,-1,-1,-1,-1,-1,-1
690,-1,고양이,서기의 직책 그대로 였으면$ 네가 박쥐들을 쫒아낼 수 있었을까.,-1,-1,-1,cat1,1,-1,-1,-1,-1,-1,-1,-1,-1,-1,-1,-1
691,-1,고양이,동굴 안에서 그 가방에 있던 빨간 음식을 꺼낼 수 있었을까. ,-1,-1,-1,cat1,1,-1,-1,-1,-1,-1,-1,-1,-1,-1,-1,-1
692,-1,고양이,"그리고 그 ""작은 별""을 다시 찾아낼 수 있었을까. ",-1,-1,-1,cat1,1,-1,-1,-1,-1,-1,-1,-1,-1,-1,-1,-1
693,-1,,서연은 잠시 멍한 얼굴로 고양이를 바라보았다. ,0,-1,-1,0,-1,-1,-1,-1,-1,-1,-1,-1,-1,-1,-1,-1
694,-1,,무언가를 깨달은것 처럼 잠시 멍해져 있던 서연을 뒤로 하고 갑자기 고양이는 음식을 빠르게 먹어치웠다. ,-1,-1,-1,-1,-1,-1,-1,-1,-1,-1,-1,-1,-1,-1,-1,-1
695,-1,고양이,참나.. 내가 팔자에도 없는 짓거리를... ,-1,-1,-1,cat1,1,-1,-1,-1,-1,-1,-1,-1,-1,-1,-1,-1
696,-1,,고양이는 그대로 빈 그릇을 두고 드러누웠다. ,-1,-1,-1,-1,-1,1,-1,1,-1,-1,-1,-1,-1,-1,-1,-1
697,-1,,멍하게 보석을 주물 거리고 있는 서연에게 상인이 말을 걸었다. ,-1,-1,-1,0,-1,-1,-1,-1,-1,-1,-1,-1,-1,-1,-1,-1
698,-1,상인,아가씨. 이제 슬 주무시게. ,-1,-1,-1,상인1,1,-1,-1,-1,-1,-1,-1,-1,-1,-1,-1,-1
699,-1,서연,어... 근데 여기에 몬스터들이 오진 않을까요?,suyeon1,1,-1,-1,-1,-1,-1,-1,-1,-1,-1,-1,-1,-1,-1,-1
700,-1,상인,음? 저놈에게 설명을 듣지 않았나. 여긴 안전함세. 내가 보장하지.,-1,-1,-1,상인1,1,-1,-1,-1,-1,-1,-1,-1,-1,-1,-1,-1
701,-1,,상인은 그다지 전투를 잘 할 것같진 않아보였지만. 그 고양이가 보증한 것으니 믿어봐도 좋으려나. ,0,-1,-1,0,-1,-1,-1,-1,-1,-1,-1,-1,-1,-1,-1,-1
702,-1,,결국 서연도 느긋하게 접시를 비우고 침낭에 들어가 몸을 뉘였다. ,-1,-1,-1,-1,-1,-1,-1,-1,-1,-1,-1,-1,-1,-1,-1,-1
703,-1,서연,그럼... 부탁드릴게요. ,suyeon1,1,-1,-1,-1,-1,-1,-1,-1,-1,-1,-1,-1,-1,-1,-1
704,-1,상인,그래. 잘 자시게나. ,-1,-1,-1,상인1,1,-1,-1,-1,-1,-1,-1,-1,-1,-1,-1,-1
705,-1,,그 말 이후 침묵은 서서히 방 안에 내리 깔렸다. ,0,-1,-1,0,-1,-1,-1,-1,-1,-1,-1,-1,-1,-1,-1,-1
706,-1,,고요한 방 속에서 모닥불의 불씨가 타들어가는 소리만이 귓가에 들어왔다. ,-1,-1,-1,-1,-1,-1,-1,-1,-1,-1,-1,-1,-1,-1,-1,-1
707,-1,,"과거의 이야기이니 자신의 ""작은 별""과 이 보석이 같을리는 없겠지만. ",-1,-1,-1,-1,-1,-1,-1,-1,-1,-1,-1,-1,-1,-1,-1,-1
708,-1,,제게 주는 울림은 비슷했다. ,-1,-1,-1,-1,-1,-1,-1,-1,-1,-1,2,-1,-1,-1,-1,-1
709,-1,,,-1,-1,-1,-1,-1,-1,(상인이 있는 방 안),-1,-1,-1,-1,-1,-1,-1,-1,-1
710,-1,,아침이 밝았다. ,-1,-1,-1,-1,-1,-1,-1,-1,-1,-1,-1,-1,-1,-1,-1,-1
711,-1,,물론 던전 안이었으니 크게 달라지는 것은 없었으나 묘하게 밝아진 던전 내부와 ,-1,-1,-1,-1,-1,-1,-1,-1,-1,-1,-1,-1,-1,-1,-1,-1
712,-1,,피부를 간지르는 적당한 온도의 산들바람은 낮이 되었음을 간접적으로 알려주고 있었다. ,-1,-1,-1,-1,-1,-1,-1,-1,-1,-1,-1,-1,-1,-1,-1,-1
713,-1,서연,흐아암...,suyeon1,1,-1,-1,-1,-1,-1,-1,-1,-1,-1,-1,-1,-1,-1,-1
714,-1,,가장 먼저 눈을 뜬 것은 서연이었다. ,0,-1,-1,-1,-1,-1,-1,-1,-1,-1,-1,-1,-1,-1,-1,-1
715,-1,,주변을 둘러보니 상인은 어디론가로 사라지고 없었지만 ,-1,-1,-1,-1,-1,-1,-1,-1,-1,-1,-1,-1,-1,-1,-1,-1
716,-1,,기묘한 향로 하나가 남아 타오르고 있었다. ,-1,-1,-1,-1,-1,-1,-1,-1,-1,-1,-1,-1,-1,-1,-1,-1
717,-1,,냄새는 좀 이상했지만 서연은 그것이 밤 사이 자신들을 몬스터로부터 지켜줬다는 것을 알아챘다. ,-1,-1,-1,-1,-1,-1,-1,-1,-1,-1,-1,-1,-1,-1,-1,-1
718,-1,고양이,끙...,-1,-1,-1,cat1,1,-1,-1,-1,-1,-1,-1,-1,-1,-1,-1,-1
719,-1,서연,고양이 씨 일어나세요...,suyeon1,1,-1,-1,-1,-1,-1,-1,-1,-1,-1,-1,-1,-1,-1,-1
720,-1,,누워있는 고양이의 몸을 살살 흔드니 무슨 액체처럼 출렁거렸다. ,-1,-1,-1,-1,-1,1,-1,-1,-1,-1,-1,-1,-1,-1,-1,-1
721,-1,,원본이랑 똑같이 유연한거구만...,-1,-1,-1,-1,-1,-1,-1,-1,-1,-1,-1,-1,-1,-1,-1,-1
722,-1,고양이,... 음... ,-1,-1,-1,cat1,1,-1,-1,-1,-1,-1,-1,-1,-1,-1,-1,-1
723,-1,고양이,으그그그극...,-1,-1,-1,cat1,1,1,-1,-1,-1,-1,-1,-1,-1,-1,-1,-1
724,-1,,고양이는 느릿하게 몸을 일으키더니 그대로 몸을 쭉 펴고 기지개를 폈다. ,-1,-1,-1,-1,-1,-1,-1,-1,-1,-1,-1,-1,-1,-1,-1,-1
725,-1,고양이,... 영감은... ,-1,-1,-1,cat1,1,-1,-1,-1,-1,-1,-1,-1,-1,-1,-1,-1
726,-1,서연,이미 사라지신지 오래에요...,suyeon1,1,-1,-1,-1,-1,-1,-1,-1,-1,-1,-1,-1,-1,-1,-1
727,-1,고양이,그렇겠지...,-1,-1,-1,cat1,1,-1,-1,-1,-1,-1,-1,-1,-1,-1,-1,-1
728,-1,,서연은 근처에서 머리를 감고 야영의 뒷정리를 도맡았다. ,0,-1,-1,0,-1,-1,-1,-1,-1,-1,-1,-1,-1,-1,-1,-1
729,-1,,침낭은 빌린 것이니 상인이 있었던 자리에 다시 가져다 두었다. ,-1,-1,-1,-1,-1,-1,-1,-1,-1,-1,-1,-1,-1,-1,-1,-1
730,-1,,고양이는.. 몸단장을 하기 시작했다. ,-1,-1,-1,-1,-1,-1,-1,-1,-1,-1,-1,-1,-1,-1,-1,-1
731,-1,서연,으으엑...,suyeon1,1,1,-1,-1,-1,-1,-1,-1,-1,-1,-1,-1,-1,-1,-1
732,-1,,혀로 자신의 털을 다듬는 고양이를 보면서 서연은 질색하는 얼굴이었다. ,-1,-1,-1,-1,-1,-1,-1,-1,-1,-1,-1,-1,-1,-1,-1,-1
733,-1,,이런것 까지 원본에 충실할 필요가 있을까? ,-1,-1,-1,-1,-1,-1,-1,-1,-1,-1,-1,-1,-1,-1,-1,-1
734,-1,고양이,왜 못볼 것이라도 본 것 마냥...,-1,-1,-1,cat1,1,-1,-1,-1,-1,-1,-1,-1,-1,-1,-1,-1
735,-1,서연,보통은.. 그러지 않으니까요. ,suyeon1,1,-1,-1,-1,-1,-1,-1,-1,-1,-1,-1,-1,-1,-1,-1
736,-1,고양이,곧 거대한 위협이 다가올거다.,-1,-1,-1,cat1,1,-1,-1,-1,-1,-1,-1,-1,-1,-1,-1,-1
737,-1,고양이,대비는 철저히 해야지. ,-1,-1,-1,cat1,1,-1,-1,-1,-1,-1,-1,-1,-1,-1,-1,-1
738,-1,,그런 고양이를 바라보는 서연의 표정은 나아질 기미가 보이지 않았다. ,-1,-1,-1,-1,-1,-1,-1,-1,-1,-1,-1,-1,-1,-1,-1,-1
739,-1,서연,혀로 몸단장 하시면서 그런 말씀을 하셔도 그리 와닿진 않네요...,suyeon1,1,-1,-1,-1,-1,-1,-1,-1,-1,-1,-1,-1,-1,-1,-1
740,-1,,준비가 끝난 고양이는 다시 검을 집어들며 준비를 시작했다. ,0,-1,-1,0,-1,-1,-1,-1,-1,-1,-1,-1,-1,-1,-1,-1
741,-1,,서연도 다시 탐험을 나설 채비를 완전히 끝냈다. ,-1,-1,-1,-1,-1,-1,-1,-1,-1,-1,-1,-1,-1,-1,-1,-1
742,-1,,,-1,-1,-1,-1,-1,-1,(계단 오르는 배경,-1,-1,-1,-1,-1,-1,-1,-1,-1
743,-1,고양이,후...,-1,-1,-1,cat1,1,-1,-1,-1,-1,-1,-1,-1,-1,-1,-1,-1
744,-1,,고양이는 칼에 잔뜩 묻어있는 몬스터의 피를 털어냈다. ,-1,-1,-1,-1,-1,-1,-1,-1,-1,-1,-1,-1,-1,-1,-1,-1
745,-1,,계단 아래로 절단된 몬스터의 신체부위가 질척한 소리를 내며 굴러떨어지고 있었고 ,-1,-1,-1,-1,-1,-1,-1,-1,-1,-1,-1,-1,-1,-1,-1,-1
746,-1,,서연은 그 광경을 입을 꾹 다물고 바라만 보고 있었다. ,-1,-1,-1,-1,-1,-1,-1,-1,-1,-1,-1,-1,-1,-1,-1,-1
747,-1,서연,출발한지 얼마나 됐다고 몬스터들이...,suyeon1,1,-1,-1,-1,-1,-1,-1,-1,-1,-1,-1,-1,-1,-1,-1
748,-1,고양이,놈들이 지키는게 있는거겠지. ,-1,-1,-1,cat1,1,-1,-1,-1,-1,-1,-1,-1,-1,-1,-1,-1
749,-1,,얼굴에도 튄 피를 손등으로 훑어내며 고양이가 말했다.,-1,-1,-1,-1,-1,-1,-1,-1,-1,-1,-1,-1,-1,-1,-1,-1
750,-1,,서연은 그 말에 계단 위쪽을 올려다보았다. ,-1,-1,-1,-1,-1,-1,-1,-1,-1,-1,-1,-1,-1,-1,-1,-1
751,-1,서연,지키는 건 아마...,suyeon1,1,-1,-1,-1,-1,-1,-1,-1,-1,-1,-1,-1,-1,-1,-1
752,-1,고양이,그래. 저 위에 있는것이겠지. ,-1,-1,-1,cat1,1,-1,-1,-1,-1,-1,-1,-1,-1,-1,-1,-1
753,-1,,긴 휴식을 취한 후 얼마 가지 않았을 시점. ,0,-1,-1,0,-1,-1,-1,-1,-1,-1,-1,-1,-1,-1,-1,-1
754,-1,,둘은 위쪽을 향하는 계단을 맞닥트렸다. ,-1,-1,-1,-1,-1,-1,-1,-1,-1,-1,-1,-1,-1,-1,-1,-1
755,-1,,슬슬 탐험이 마무리 되어간다는 뜻으로 알아들은 서연은 호기롭게 나아갔으나,-1,-1,-1,-1,-1,-1,-1,-1,-1,-1,-1,-1,-1,-1,-1,-1
756,-1,,위협적인 몬스터의 공세에 기세가 꺾여버렸다. ,-1,-1,-1,-1,-1,-1,-1,-1,-1,-1,-1,-1,-1,-1,-1,-1
757,-1,몬스터,쉬이잇-!!,-1,-1,-1,머리 두개달린 뱀 몬스터,1,1,-1,1,-1,-1,-1,-1,-1,-1,-1,-1
758,-1,서연,꺄아악!!!,suyeon1,1,1,-1,-1,-1,-1,-1,-1,-1,-1,-1,-1,-1,-1,-1
759,-1,,서연의 뒤에서 갑자기 몬스터가 나타나자마자 반사적으로 뛰어오른 고양이가 서연을 밀쳤다. ,0,-1,-1,-1,-1,-1,-1,-1,-1,-1,-1,-1,-1,-1,-1,-1
760,-1,,뱀 몬스터의 아가리가 서연을 아슬아슬하게 비껴갔고 뱀의 두 눈 사이에 칼이 깊게 박혔다. ,-1,-1,-1,-1,-1,-1,-1,-1,-1,-1,-1,칼 박히는 소리,-1,-1,-1,-1
761,-1,서연,고양이씨!! 머리 하나 더...!!,suyeon1,1,-1,-1,-1,-1,-1,-1,-1,-1,-1,-1,-1,-1,-1,-1
762,-1,,말이 채 끝나기도 전에 벌려진 뱀의 아가리가 고양이를 향해 달려들었다. ,0,-1,-1,-1,-1,-1,-1,-1,-1,-1,-1,-1,-1,-1,-1,-1
763,-1,,대처할 시간은 모자랐고$ 결국 선택을 할 수 밖에 없었다. ,-1,-1,-1,-1,-1,-1,-1,-1,-1,-1,-1,-1,-1,-1,-1,-1
764,-1,고양이,!!,-1,-1,-1,cat1,1,1,-1,1,-1,-1,-1,칼 박히는 소리,-1,-1,2,-1
765,-1,,고양이는 자리에서 움직이지 않았고 벌려진 뱀의 아가리 안으로 오히려 검과 함께 팔을 우겨넣었다. ,-1,-1,-1,-1,-1,-1,-1,-1,-1,-1,-1,-1,-1,-1,-1,-1
766,-1,,뱀 몬스터는 끝내 입을 다물지 못하고 그대로 발작하듯 쓰러졌지만,-1,-1,-1,-1,-1,-1,-1,-1,-1,-1,-1,-1,-1,-1,-1,-1
767,-1,,칼을 뽑아낸 뒤에도 위험은 남아있었다. ,-1,-1,-1,-1,-1,-1,-1,-1,-1,-1,-1,-1,-1,-1,-1,-1
768,-1,고양이,끄으$ 으.. 윽...!,-1,-1,-1,cat1,1,1,-1,-1,-1,-1,-1,-1,-1,-1,-1,-1
769,-1,서연,고양이씨!,suyeon1,1,-1,0,-1,-1,-1,-1,-1,-1,-1,-1,-1,-1,-1,-1
770,-1,,서연이 뒤늦게 정신을 차리고 달려왔지만 고양이의 팔에는 얕지 않은  상처가 남아있었다.,0,-1,-1,-1,-1,-1,-1,-1,-1,-1,-1,-1,-1,-1,-1,-1
771,-1,,급하게 몸의 붕대 한줄기를 풀어 상처의 윗부분을 두르고 강하게 조여 지혈을 해보았지만,-1,-1,-1,-1,-1,-1,-1,-1,-1,-1,-1,-1,-1,-1,-1,-1
772,-1,,강력한 독에 당했는지 흐르는 혈액이 검은 색으로 덩어리져 떨어지고 있었다. ,-1,-1,-1,-1,-1,-1,-1,-1,-1,-1,-1,-1,-1,-1,-1,-1
773,-1,,쉽게 벗어날 수 있을만한 독은 아닌것 같았다. ,-1,-1,-1,-1,-1,-1,-1,-1,-1,-1,-1,-1,-1,-1,-1,-1
774,-1,서연,어쩌지$ 어.. 어쩌지...,suyeon1,1,1,-1,-1,-1,-1,-1,2,-1,-1,-1,-1,-1,-1,-1
775,-1,,직감을 따라 즉석에서 해독제를 만들어본다. ,-1,-1,-1,-1,-1,-1,-1,-1,-1,-1,-1,-1,-1,-1,-1,-1
776,-1,,모험은 필요없다. 지혈에 집중한다. ,-1,-1,-1,-1,-1,-1,-1,-1,-1,777,-1,-1,-1,-1,-1,-1
777,-1,서연,미안해요. 미안해요.. 잠깐만...,suyeon1,1,-1,-1,-1,-1,-1,-1,-1,-1,-1,-1,-1,-1,-1,-1
778,-1,고양이,...!! 끄으$ 컥..!! 그어헉!!,-1,-1,-1,cat1,1,1,-1,1,-1,-1,-1,-1,-1,-1,-1,-1
779,-1,,서연은 팔에 묶인 붕대에 더욱 힘을 두어 단단하게 압박했다. ,-1,-1,-1,-1,-1,-1,-1,-1,-1,-1,-1,-1,-1,-1,-1,-1
780,-1,,처음에는 잘게 떨리기만 하던 고양이의 몸은 점점 격렬해져 발작과 비슷한 형태로 변질되기 시작했다. ,-1,-1,-1,-1,-1,-1,-1,1,-1,-1,-1,-1,-1,-1,-1,-1
781,-1,,격렬한 발버둥에 서연의 몸도 덩달아 흔들렸지만 두 팔에 단단히 힘을 주고 버텨냈다. ,-1,-1,-1,-1,-1,-1,-1,1,-1,-1,-1,-1,-1,-1,-1,-1
782,-1,,확실하지도 않은 해독제를 위해 모험을 할 수 있을리가. ,-1,-1,-1,-1,-1,-1,-1,-1,-1,-1,-1,-1,-1,-1,-1,-1
783,-1,,서연은 고통스러워 하는 고양이를 바라보며 자신이 능력없는 탐험가임을 탓했다.,-1,-1,-1,-1,-1,-1,-1,-1,-1,-1,-1,-1,-1,-1,-1,-1
784,-1,고양이,그으윽!!,-1,-1,-1,cat1,1,1,-1,-1,-1,-1,-1,-1,-1,-1,-1,-1
785,-1,,고통을 이기지 못하고 버둥거리던 고양이의 날카로운 발톱이 서연의 몸에 상처를 냈다. ,0,-1,-1,0,-1,-1,-1,-1,-1,-1,-1,-1,-1,-1,-1,-1
786,-1,,필사적인 지혈 덕분인지 다행히 곧 증상은 가라앉았지만 서연은 대가를 치뤄야 했다. ,-1,-1,-1,-1,-1,-1,-1,-1,-1,-1,-1,-1,-1,-1,-1,-1
787,-1,,서연은 필사적으로 머리를 굴려보며 이 상황을 타파할 방법을 고민해보았다. ,-1,-1,-1,-1,-1,-1,-1,-1,-1,-1,-1,-1,-1,-1,-1,-1
788,-1,,그 순간 서연의 눈에 옆에서 죽어가는 뱀 몬스터의 머리가 들어왔다. ,-1,-1,-1,-1,-1,-1,-1,-1,-1,-1,-1,-1,-1,-1,-1,-1
789,-1,,서연의 직감이 번뜩이기 시작한다. ,-1,-1,-1,-1,-1,-1,-1,-1,-1,-1,-1,-1,-1,-1,-1,-1
790,-1,서연,잠깐만 견뎌요!!,suyeon1,1,1,-1,-1,-1,-1,-1,-1,-1,-1,-1,-1,-1,-1,-1
791,-1,,서연은 지혈대를 꽉 조여두곤 자리를 박차고 일어났다. ,0,-1,-1,-1,-1,-1,-1,-1,-1,-1,-1,-1,-1,-1,-1,-1
792,-1,,독이란 것은 언제나 약과 종잇장 한장 정도의 차이를 가지고 있는 법이었다. ,-1,-1,-1,-1,-1,-1,-1,-1,-1,-1,-1,-1,-1,-1,-1,-1
793,-1,서연,여기 어딘가.. 여기..,suyeon1,1,-1,-1,-1,-1,-1,-1,-1,-1,-1,-1,-1,-1,-1,-1
794,-1,서연,...아! ,suyeon1,1,1,-1,-1,-1,-1,-1,-1,-1,-1,-1,-1,-1,-1,-1
795,-1,,서연은 가방을 급하게 뒤적여 투명한 유리 플라스크를 찾아냈다. ,-1,-1,-1,-1,-1,-1,-1,-1,-1,-1,-1,-1,-1,-1,-1,-1
796,-1,,아직 깨지지 않아 다행이란 생각도 잠시. 급하게 죽은 뱀 몬스터의 이빨에서 독을 채취했다.,-1,-1,-1,-1,-1,-1,-1,-1,-1,-1,-1,-1,-1,-1,-1,-1
797,-1,서연,그리고$ 아.. 그리고...!,suyeon1,1,1,-1,-1,-1,-1,-1,-1,-1,-1,-1,-1,-1,-1,-1
798,-1,,서연은 급하게 병안에 담긴 독을 가지고 머리를 쥐어싸맸다. ,-1,-1,-1,-1,-1,-1,-1,-1,-1,-1,-1,-1,-1,-1,-1,-1
799,-1,,결단을 내려야 한다. ,-1,-1,-1,-1,-1,-1,-1,-1,2,-1,-1,-1,-1,-1,-1,-1
800,-1,,이성을 따른다.  현실을 보자.,-1,-1,-1,-1,-1,-1,-1,-1,-1,802,-1,-1,-1,-1,-1,-1
801,-1,,직감을 따른다.  ,-1,-1,-1,-1,-1,-1,-1,-1,-1,805,-1,-1,-1,-1,-1,-1
802,-1,,서연은 독이담긴 병과 고통에 신음하는 고양이를 번갈아 바라보았다. ,-1,-1,-1,-1,-1,-1,-1,-1,-1,-1,-1,-1,-1,-1,-1,-1
803,-1,서연,역시 이럴 시간이 없어...,suyeon1,1,-1,-1,-1,-1,-1,-1,-1,-1,-1,-1,-1,-1,-1,-1
804,-1,,서연은 뒤늦게 병을 집어던지고 다시 지혈대에 달려들었다. ,-1,-1,-1,-1,-1,-1,-1,-1,-1,777,-1,-1,-1,-1,-1,-1
805,-1,,서연은 다시한번 숨을 가다듬었다. ,-1,-1,-1,-1,-1,-1,-1,-1,-1,-1,-1,-1,-1,-1,-1,-1
806,-1,,분명 이런 상황을 위한 정보를 들은 기억이 제게 있을 것이었다. ,-1,-1,-1,-1,-1,-1,-1,-1,-1,-1,-1,-1,-1,-1,-1,-1
807,-1,서연,...!,suyeon1,1,1,-1,-1,-1,-1,-1,-1,-1,-1,-1,-1,-1,-1,-1
808,-1,,서연은 누워있는 고양이에게로 시선을 돌렸다. ,-1,-1,-1,-1,-1,-1,-1,-1,-1,-1,-1,-1,-1,-1,-1,-1
809,-1,,온몸에 나타나는 경련. 단계는 2단계. 신경성. 그렇다면 거기에 사용하는 건-,-1,-1,-1,-1,-1,-1,-1,-1,-1,-1,-1,-1,-1,-1,-1,-1
810,-1,,거기까지 생각이 미치자마자 서연은 급하게 가방 안에서 뭔가를 꺼내들어 독과 함께 뒤섞었다.,-1,-1,1,-1,-1,-1,-1,-1,-1,-1,-1,-1,-1,-1,-1,-1
811,-1,,그리곤 그것을 고양이의 팔에 생긴 상처에 뿌리곤 상태를 유심히 지켜보았다.,-1,-1,-1,-1,-1,-1,-1,-1,-1,-1,-1,-1,-1,-1,-1,-1
812,-1,서연,제발... 제발...,suyeon1,1,-1,-1,-1,-1,-1,-1,-1,-1,-1,-1,-1,-1,-1,-1
813,-1,,서연의 간절한 기도가 닿은걸까. 잠시 움찔거리던 고양이의 몸은 수 분 내에 진정되기 시작했다.,0,-1,-1,-1,-1,-1,-1,-1,-1,-1,-1,-1,-1,-1,-1,-1
814,-1,고양이,헉... 헉...,-1,-1,-1,cat1,1,1,-1,-1,-1,-1,-1,-1,-1,-1,-1,-1
815,-1,고양이,... 후우우...,-1,-1,-1,cat1,1,-1,-1,-1,-1,-1,-1,-1,-1,-1,-1,-1
816,-1,,편안한 한숨소리와 함께 고통이 가신 듯 얼굴 표정이 한 층 나아졌다. ,-1,-1,-1,-1,-1,-1,-1,-1,-1,-1,-1,-1,-1,-1,-1,-1
817,-1,,얼마안가 고양이는 금방 몸을 일으켰다. ,-1,-1,-1,-1,-1,-1,-1,-1,-1,-1,-1,-1,-1,-1,-1,-1
818,-1,서연,아.. 정말... 다행이다...,suyeon1,1,-1,-1,-1,-1,-1,-1,-1,-1,-1,-1,-1,-1,-1,-1
819,-1,고양이,... 뭘 한 거지?,-1,-1,-1,cat1,1,-1,-1,-1,-1,-1,-1,-1,-1,-1,-1,-1
820,-1,서연,어... 뱀 독에 당한 뒤 나타나는 증상은 몇가지 단계로 나뉘거든요. 거기서 네오스티그민이란 약이-,suyeon1,1,-1,-1,-1,-1,-1,-1,-1,-1,-1,-1,-1,-1,-1,-1
821,-1,고양이,좋은 판단이었다. ,-1,-1,-1,cat1,1,-1,-1,-1,-1,-1,-1,-1,-1,-1,-1,-1
822,-1,,서연은 그 말을 듣자마자 잠시 멍해졌다. ,-1,-1,-1,-1,-1,-1,-1,-1,-1,-1,-1,-1,-1,-1,-1,-1
823,-1,서연,... 별 말씀을요. ,suyeon1,1,-1,-1,-1,-1,-1,-1,-1,-1,-1,-1,-1,-1,-1,-1
824,-1,,고양이는 감사인사를 전한 뒤 곧바로 몸을 일으켰다. ,-1,-1,-1,-1,-1,-1,-1,-1,-1,-1,-1,-1,-1,-1,-1,-1
825,-1,,서연은 당황했지만 아랑곳 않고 팔을 돌려보며 몸상태를 살피기까지 했다.,-1,-1,-1,-1,-1,-1,-1,-1,-1,-1,-1,-1,-1,-1,-1,-1
826,-1,서연,어어?? 벌써 그래도 되는거에요???,suyeon1,1,-1,-1,-1,-1,-1,-1,-1,-1,-1,-1,-1,-1,-1,-1
827,-1,고양이,이딴 놈의 독으로 죽을까보냐. ,-1,-1,-1,cat1,1,-1,-1,-1,-1,-1,-1,-1,-1,-1,-1,-1
828,-1,고양이,죽도록 아프지만. 그뿐이다. ,-1,-1,-1,cat1,1,-1,-1,-1,-1,-1,-1,-1,-1,-1,-1,-1
829,-1,,터프한건지 무식한건지$ 서연은 의심했지만 ,0,-1,-1,-1,-1,-1,-1,-1,-1,-1,-1,-1,-1,-1,-1,-1
830,-1,,벌써 아물기 시작하고 있는 팔의 상처를 보며 단순한 허세가 아닌 것 쯤은 알 수 있었다. ,-1,-1,-1,-1,-1,-1,-1,-1,-1,-1,-1,-1,-1,-1,-1,-1
831,-1,고양이,그보다$ 이제 고지가 코앞이다. ,-1,-1,-1,cat1,1,-1,-1,-1,-1,-1,-1,-1,-1,-1,-1,-1
832,-1,고양이,거기선 이렇게 드러누울 수 있는 시간따위 없어. ,-1,-1,-1,cat1,1,-1,-1,-1,-1,-1,-1,-1,-1,-1,-1,-1
833,-1,,아직 주저앉아 있는 서연을 고양이가 일으켜세웠다. ,-1,-1,-1,-1,-1,-1,-1,-1,-1,-1,-1,-1,-1,-1,-1,-1
834,-1,서연,그...,suyeon1,1,-1,-1,-1,-1,-1,-1,-1,-1,-1,-1,-1,-1,-1,-1
835,-1,서연,... 알겠습니다!,suyeon1,1,-1,-1,-1,-1,-1,-1,-1,-1,-1,-1,-1,-1,-1,-1
836,-1,,서연의 눈을 본 고양이가 피식 웃었다. ,-1,-1,-1,-1,-1,-1,-1,-1,-1,-1,-1,-1,-1,-1,-1,-1
837,-1,고양이,각오는 제대로 된 모양이군. 가자.,-1,-1,-1,cat1,1,-1,-1,-1,-1,-1,-1,-1,-1,-1,-1,-1
838,-1,,돌아볼 세도 없이 둘은 계단의 끝을 향해 올랐다. ,-1,-1,-1,-1,-1,-1,-1,-1,-1,-1,-1,-1,-1,-1,-1,-1
839,-1,,,-1,-1,-1,-1,-1,-1,-1,-1,-1,-1,-1,-1,-1,-1,-1,-1
840,-1,,,-1,-1,-1,-1,-1,-1,-1,-1,-1,-1,-1,-1,-1,-1,-1,-1
841,-1,,,-1,-1,-1,-1,-1,-1,-1,-1,-1,-1,-1,-1,-1,-1,-1,-1
842,-1,,,-1,-1,-1,-1,-1,-1,-1,-1,-1,-1,-1,-1,-1,-1,-1,-1
843,-1,,,-1,-1,-1,-1,-1,-1,-1,-1,-1,-1,-1,-1,-1,-1,-1,-1
844,-1,,,-1,-1,-1,-1,-1,-1,-1,-1,-1,-1,-1,-1,-1,-1,-1,-1
845,-1,,,-1,-1,-1,-1,-1,-1,-1,-1,-1,-1,-1,-1,-1,-1,-1,-1
846,-1,,,-1,-1,-1,-1,-1,-1,-1,-1,-1,-1,-1,-1,-1,-1,-1,-1
847,-1,,,-1,-1,-1,-1,-1,-1,-1,-1,-1,-1,-1,-1,-1,-1,-1,-1
848,-1,,,-1,-1,-1,-1,-1,-1,-1,-1,-1,-1,-1,-1,-1,-1,-1,-1
849,-1,,,-1,-1,-1,-1,-1,-1,-1,-1,-1,-1,-1,-1,-1,-1,-1,-1
850,-1,,,-1,-1,-1,-1,-1,-1,-1,-1,-1,-1,-1,-1,-1,-1,-1,-1
851,-1,,,-1,-1,-1,-1,-1,-1,-1,-1,-1,-1,-1,-1,-1,-1,-1,-1
852,-1,,,-1,-1,-1,-1,-1,-1,-1,-1,-1,-1,-1,-1,-1,-1,-1,-1
853,-1,,,-1,-1,-1,-1,-1,-1,-1,-1,-1,-1,-1,-1,-1,-1,-1,-1
854,-1,,,-1,-1,-1,-1,-1,-1,-1,-1,-1,-1,-1,-1,-1,-1,-1,-1
855,-1,,,-1,-1,-1,-1,-1,-1,-1,-1,-1,-1,-1,-1,-1,-1,-1,-1
856,-1,,,-1,-1,-1,-1,-1,-1,-1,-1,-1,-1,-1,-1,-1,-1,-1,-1
857,-1,,,-1,-1,-1,-1,-1,-1,-1,-1,-1,-1,-1,-1,-1,-1,-1,-1
858,-1,,,-1,-1,-1,-1,-1,-1,-1,-1,-1,-1,-1,-1,-1,-1,-1,-1
859,-1,,,-1,-1,-1,-1,-1,-1,-1,-1,-1,-1,-1,-1,-1,-1,-1,-1
860,-1,,,-1,-1,-1,-1,-1,-1,-1,-1,-1,-1,-1,-1,-1,-1,-1,-1
861,-1,,,-1,-1,-1,-1,-1,-1,-1,-1,-1,-1,-1,-1,-1,-1,-1,-1
862,-1,,,-1,-1,-1,-1,-1,-1,-1,-1,-1,-1,-1,-1,-1,-1,-1,-1
863,-1,,,-1,-1,-1,-1,-1,-1,-1,-1,-1,-1,-1,-1,-1,-1,-1,-1
864,-1,,,-1,-1,-1,-1,-1,-1,-1,-1,-1,-1,-1,-1,-1,-1,-1,-1
865,-1,,,-1,-1,-1,-1,-1,-1,-1,-1,-1,-1,-1,-1,-1,-1,-1,-1
866,-1,,,-1,-1,-1,-1,-1,-1,-1,-1,-1,-1,-1,-1,-1,-1,-1,-1
867,-1,,,-1,-1,-1,-1,-1,-1,-1,-1,-1,-1,-1,-1,-1,-1,-1,-1
868,-1,,,-1,-1,-1,-1,-1,-1,-1,-1,-1,-1,-1,-1,-1,-1,-1,-1
869,-1,,,-1,-1,-1,-1,-1,-1,-1,-1,-1,-1,-1,-1,-1,-1,-1,-1
870,-1,,,-1,-1,-1,-1,-1,-1,-1,-1,-1,-1,-1,-1,-1,-1,-1,-1
871,-1,,,-1,-1,-1,-1,-1,-1,-1,-1,-1,-1,-1,-1,-1,-1,-1,-1
872,-1,,,-1,-1,-1,-1,-1,-1,-1,-1,-1,-1,-1,-1,-1,-1,-1,-1
873,-1,,,-1,-1,-1,-1,-1,-1,-1,-1,-1,-1,-1,-1,-1,-1,-1,-1
874,-1,,,-1,-1,-1,-1,-1,-1,-1,-1,-1,-1,-1,-1,-1,-1,-1,-1
875,-1,,,-1,-1,-1,-1,-1,-1,-1,-1,-1,-1,-1,-1,-1,-1,-1,-1
876,-1,,,-1,-1,-1,-1,-1,-1,-1,-1,-1,-1,-1,-1,-1,-1,-1,-1
877,-1,,,-1,-1,-1,-1,-1,-1,-1,-1,-1,-1,-1,-1,-1,-1,-1,-1
878,-1,,,-1,-1,-1,-1,-1,-1,-1,-1,-1,-1,-1,-1,-1,-1,-1,-1
879,-1,,,-1,-1,-1,-1,-1,-1,-1,-1,-1,-1,-1,-1,-1,-1,-1,-1
880,-1,,,-1,-1,-1,-1,-1,-1,-1,-1,-1,-1,-1,-1,-1,-1,-1,-1
881,-1,,,-1,-1,-1,-1,-1,-1,-1,-1,-1,-1,-1,-1,-1,-1,-1,-1
882,-1,,,-1,-1,-1,-1,-1,-1,-1,-1,-1,-1,-1,-1,-1,-1,-1,-1
883,-1,,,-1,-1,-1,-1,-1,-1,-1,-1,-1,-1,-1,-1,-1,-1,-1,-1
884,-1,,,-1,-1,-1,-1,-1,-1,-1,-1,-1,-1,-1,-1,-1,-1,-1,-1
885,-1,,,-1,-1,-1,-1,-1,-1,-1,-1,-1,-1,-1,-1,-1,-1,-1,-1
886,-1,,,-1,-1,-1,-1,-1,-1,-1,-1,-1,-1,-1,-1,-1,-1,-1,-1
887,-1,,,-1,-1,-1,-1,-1,-1,-1,-1,-1,-1,-1,-1,-1,-1,-1,-1
888,-1,,,-1,-1,-1,-1,-1,-1,-1,-1,-1,-1,-1,-1,-1,-1,-1,-1
889,-1,,,-1,-1,-1,-1,-1,-1,-1,-1,-1,-1,-1,-1,-1,-1,-1,-1
890,-1,,,-1,-1,-1,-1,-1,-1,-1,-1,-1,-1,-1,-1,-1,-1,-1,-1
891,-1,,,-1,-1,-1,-1,-1,-1,-1,-1,-1,-1,-1,-1,-1,-1,-1,-1
892,-1,,,-1,-1,-1,-1,-1,-1,-1,-1,-1,-1,-1,-1,-1,-1,-1,-1
893,-1,,,-1,-1,-1,-1,-1,-1,-1,-1,-1,-1,-1,-1,-1,-1,-1,-1
894,-1,,,-1,-1,-1,-1,-1,-1,-1,-1,-1,-1,-1,-1,-1,-1,-1,-1
895,-1,,,-1,-1,-1,-1,-1,-1,-1,-1,-1,-1,-1,-1,-1,-1,-1,-1
896,-1,,,-1,-1,-1,-1,-1,-1,-1,-1,-1,-1,-1,-1,-1,-1,-1,-1
897,-1,,,-1,-1,-1,-1,-1,-1,-1,-1,-1,-1,-1,-1,-1,-1,-1,-1
898,-1,,,-1,-1,-1,-1,-1,-1,-1,-1,-1,-1,-1,-1,-1,-1,-1,-1
899,-1,,,-1,-1,-1,-1,-1,-1,-1,-1,-1,-1,-1,-1,-1,-1,-1,-1
900,-1,,,-1,-1,-1,-1,-1,-1,-1,-1,-1,-1,-1,-1,-1,-1,-1,-1
901,-1,,,-1,-1,-1,-1,-1,-1,-1,-1,-1,-1,-1,-1,-1,-1,-1,-1
902,-1,,,-1,-1,-1,-1,-1,-1,-1,-1,-1,-1,-1,-1,-1,-1,-1,-1
903,-1,,,-1,-1,-1,-1,-1,-1,-1,-1,-1,-1,-1,-1,-1,-1,-1,-1
904,-1,,,-1,-1,-1,-1,-1,-1,-1,-1,-1,-1,-1,-1,-1,-1,-1,-1
905,-1,,,-1,-1,-1,-1,-1,-1,-1,-1,-1,-1,-1,-1,-1,-1,-1,-1
906,-1,,,-1,-1,-1,-1,-1,-1,-1,-1,-1,-1,-1,-1,-1,-1,-1,-1
907,-1,,,-1,-1,-1,-1,-1,-1,-1,-1,-1,-1,-1,-1,-1,-1,-1,-1
908,-1,,,-1,-1,-1,-1,-1,-1,-1,-1,-1,-1,-1,-1,-1,-1,-1,-1
909,-1,,,-1,-1,-1,-1,-1,-1,-1,-1,-1,-1,-1,-1,-1,-1,-1,-1
910,-1,,,-1,-1,-1,-1,-1,-1,-1,-1,-1,-1,-1,-1,-1,-1,-1,-1
911,-1,,,-1,-1,-1,-1,-1,-1,-1,-1,-1,-1,-1,-1,-1,-1,-1,-1
912,-1,,,-1,-1,-1,-1,-1,-1,-1,-1,-1,-1,-1,-1,-1,-1,-1,-1
913,-1,,,-1,-1,-1,-1,-1,-1,-1,-1,-1,-1,-1,-1,-1,-1,-1,-1
914,-1,,,-1,-1,-1,-1,-1,-1,-1,-1,-1,-1,-1,-1,-1,-1,-1,-1
915,-1,,,-1,-1,-1,-1,-1,-1,-1,-1,-1,-1,-1,-1,-1,-1,-1,-1
916,-1,,,-1,-1,-1,-1,-1,-1,-1,-1,-1,-1,-1,-1,-1,-1,-1,-1
917,-1,,,-1,-1,-1,-1,-1,-1,-1,-1,-1,-1,-1,-1,-1,-1,-1,-1
918,-1,,,-1,-1,-1,-1,-1,-1,-1,-1,-1,-1,-1,-1,-1,-1,-1,-1
919,-1,,,-1,-1,-1,-1,-1,-1,-1,-1,-1,-1,-1,-1,-1,-1,-1,-1
920,-1,,,-1,-1,-1,-1,-1,-1,-1,-1,-1,-1,-1,-1,-1,-1,-1,-1
921,-1,,,-1,-1,-1,-1,-1,-1,-1,-1,-1,-1,-1,-1,-1,-1,-1,-1
922,-1,,,-1,-1,-1,-1,-1,-1,-1,-1,-1,-1,-1,-1,-1,-1,-1,-1
923,-1,,,-1,-1,-1,-1,-1,-1,-1,-1,-1,-1,-1,-1,-1,-1,-1,-1
924,-1,,,-1,-1,-1,-1,-1,-1,-1,-1,-1,-1,-1,-1,-1,-1,-1,-1
925,-1,,,-1,-1,-1,-1,-1,-1,-1,-1,-1,-1,-1,-1,-1,-1,-1,-1
926,-1,,,-1,-1,-1,-1,-1,-1,-1,-1,-1,-1,-1,-1,-1,-1,-1,-1
927,-1,,,-1,-1,-1,-1,-1,-1,-1,-1,-1,-1,-1,-1,-1,-1,-1,-1
928,-1,,,-1,-1,-1,-1,-1,-1,-1,-1,-1,-1,-1,-1,-1,-1,-1,-1
929,-1,,,-1,-1,-1,-1,-1,-1,-1,-1,-1,-1,-1,-1,-1,-1,-1,-1
930,-1,,,-1,-1,-1,-1,-1,-1,-1,-1,-1,-1,-1,-1,-1,-1,-1,-1
931,-1,,,-1,-1,-1,-1,-1,-1,-1,-1,-1,-1,-1,-1,-1,-1,-1,-1
932,-1,,,-1,-1,-1,-1,-1,-1,-1,-1,-1,-1,-1,-1,-1,-1,-1,-1
933,-1,,,-1,-1,-1,-1,-1,-1,-1,-1,-1,-1,-1,-1,-1,-1,-1,-1
934,-1,,,-1,-1,-1,-1,-1,-1,-1,-1,-1,-1,-1,-1,-1,-1,-1,-1
935,-1,,,-1,-1,-1,-1,-1,-1,-1,-1,-1,-1,-1,-1,-1,-1,-1,-1
936,-1,,,-1,-1,-1,-1,-1,-1,-1,-1,-1,-1,-1,-1,-1,-1,-1,-1
937,-1,,,-1,-1,-1,-1,-1,-1,-1,-1,-1,-1,-1,-1,-1,-1,-1,-1
938,-1,,,-1,-1,-1,-1,-1,-1,-1,-1,-1,-1,-1,-1,-1,-1,-1,-1
939,-1,,,-1,-1,-1,-1,-1,-1,-1,-1,-1,-1,-1,-1,-1,-1,-1,-1
940,-1,,,-1,-1,-1,-1,-1,-1,-1,-1,-1,-1,-1,-1,-1,-1,-1,-1
941,-1,,,-1,-1,-1,-1,-1,-1,-1,-1,-1,-1,-1,-1,-1,-1,-1,-1
942,-1,,,-1,-1,-1,-1,-1,-1,-1,-1,-1,-1,-1,-1,-1,-1,-1,-1
943,-1,,,-1,-1,-1,-1,-1,-1,-1,-1,-1,-1,-1,-1,-1,-1,-1,-1
944,-1,,,-1,-1,-1,-1,-1,-1,-1,-1,-1,-1,-1,-1,-1,-1,-1,-1
945,-1,,,-1,-1,-1,-1,-1,-1,-1,-1,-1,-1,-1,-1,-1,-1,-1,-1
946,-1,,,-1,-1,-1,-1,-1,-1,-1,-1,-1,-1,-1,-1,-1,-1,-1,-1
947,-1,,,-1,-1,-1,-1,-1,-1,-1,-1,-1,-1,-1,-1,-1,-1,-1,-1
948,-1,,,-1,-1,-1,-1,-1,-1,-1,-1,-1,-1,-1,-1,-1,-1,-1,-1
949,-1,,,-1,-1,-1,-1,-1,-1,-1,-1,-1,-1,-1,-1,-1,-1,-1,-1
950,-1,,,-1,-1,-1,-1,-1,-1,-1,-1,-1,-1,-1,-1,-1,-1,-1,-1
951,-1,,,-1,-1,-1,-1,-1,-1,-1,-1,-1,-1,-1,-1,-1,-1,-1,-1
952,-1,,,-1,-1,-1,-1,-1,-1,-1,-1,-1,-1,-1,-1,-1,-1,-1,-1
953,-1,,,-1,-1,-1,-1,-1,-1,-1,-1,-1,-1,-1,-1,-1,-1,-1,-1
954,-1,,,-1,-1,-1,-1,-1,-1,-1,-1,-1,-1,-1,-1,-1,-1,-1,-1
955,-1,,,-1,-1,-1,-1,-1,-1,-1,-1,-1,-1,-1,-1,-1,-1,-1,-1
956,-1,,,-1,-1,-1,-1,-1,-1,-1,-1,-1,-1,-1,-1,-1,-1,-1,-1
957,-1,,,-1,-1,-1,-1,-1,-1,-1,-1,-1,-1,-1,-1,-1,-1,-1,-1
958,-1,,,-1,-1,-1,-1,-1,-1,-1,-1,-1,-1,-1,-1,-1,-1,-1,-1
959,-1,,,-1,-1,-1,-1,-1,-1,-1,-1,-1,-1,-1,-1,-1,-1,-1,-1
960,-1,,,-1,-1,-1,-1,-1,-1,-1,-1,-1,-1,-1,-1,-1,-1,-1,-1
961,-1,,,-1,-1,-1,-1,-1,-1,-1,-1,-1,-1,-1,-1,-1,-1,-1,-1
962,-1,,,-1,-1,-1,-1,-1,-1,-1,-1,-1,-1,-1,-1,-1,-1,-1,-1
963,-1,,,-1,-1,-1,-1,-1,-1,-1,-1,-1,-1,-1,-1,-1,-1,-1,-1
964,-1,,,-1,-1,-1,-1,-1,-1,-1,-1,-1,-1,-1,-1,-1,-1,-1,-1
965,-1,,,-1,-1,-1,-1,-1,-1,-1,-1,-1,-1,-1,-1,-1,-1,-1,-1
966,-1,,,-1,-1,-1,-1,-1,-1,-1,-1,-1,-1,-1,-1,-1,-1,-1,-1
967,-1,,,-1,-1,-1,-1,-1,-1,-1,-1,-1,-1,-1,-1,-1,-1,-1,-1
968,-1,,,-1,-1,-1,-1,-1,-1,-1,-1,-1,-1,-1,-1,-1,-1,-1,-1
969,-1,,,-1,-1,-1,-1,-1,-1,-1,-1,-1,-1,-1,-1,-1,-1,-1,-1
970,-1,,,-1,-1,-1,-1,-1,-1,-1,-1,-1,-1,-1,-1,-1,-1,-1,-1
971,-1,,,-1,-1,-1,-1,-1,-1,-1,-1,-1,-1,-1,-1,-1,-1,-1,-1
972,-1,,,-1,-1,-1,-1,-1,-1,-1,-1,-1,-1,-1,-1,-1,-1,-1,-1
973,-1,,,-1,-1,-1,-1,-1,-1,-1,-1,-1,-1,-1,-1,-1,-1,-1,-1
974,-1,,,-1,-1,-1,-1,-1,-1,-1,-1,-1,-1,-1,-1,-1,-1,-1,-1
975,-1,,,-1,-1,-1,-1,-1,-1,-1,-1,-1,-1,-1,-1,-1,-1,-1,-1
976,-1,,,-1,-1,-1,-1,-1,-1,-1,-1,-1,-1,-1,-1,-1,-1,-1,-1
977,-1,,,-1,-1,-1,-1,-1,-1,-1,-1,-1,-1,-1,-1,-1,-1,-1,-1
978,-1,,,-1,-1,-1,-1,-1,-1,-1,-1,-1,-1,-1,-1,-1,-1,-1,-1
979,-1,,,-1,-1,-1,-1,-1,-1,-1,-1,-1,-1,-1,-1,-1,-1,-1,-1
980,-1,,,-1,-1,-1,-1,-1,-1,-1,-1,-1,-1,-1,-1,-1,-1,-1,-1
981,-1,,,-1,-1,-1,-1,-1,-1,-1,-1,-1,-1,-1,-1,-1,-1,-1,-1
982,-1,,,-1,-1,-1,-1,-1,-1,-1,-1,-1,-1,-1,-1,-1,-1,-1,-1
983,-1,,,-1,-1,-1,-1,-1,-1,-1,-1,-1,-1,-1,-1,-1,-1,-1,-1
984,-1,,,-1,-1,-1,-1,-1,-1,-1,-1,-1,-1,-1,-1,-1,-1,-1,-1
985,-1,,,-1,-1,-1,-1,-1,-1,-1,-1,-1,-1,-1,-1,-1,-1,-1,-1
986,-1,,,-1,-1,-1,-1,-1,-1,-1,-1,-1,-1,-1,-1,-1,-1,-1,-1
987,-1,,,-1,-1,-1,-1,-1,-1,-1,-1,-1,-1,-1,-1,-1,-1,-1,-1
988,-1,,,-1,-1,-1,-1,-1,-1,-1,-1,-1,-1,-1,-1,-1,-1,-1,-1
989,-1,,,-1,-1,-1,-1,-1,-1,-1,-1,-1,-1,-1,-1,-1,-1,-1,-1
990,-1,,,-1,-1,-1,-1,-1,-1,-1,-1,-1,-1,-1,-1,-1,-1,-1,-1
991,-1,,,-1,-1,-1,-1,-1,-1,-1,-1,-1,-1,-1,-1,-1,-1,-1,-1
992,-1,,,-1,-1,-1,-1,-1,-1,-1,-1,-1,-1,-1,-1,-1,-1,-1,-1
993,-1,,,-1,-1,-1,-1,-1,-1,-1,-1,-1,-1,-1,-1,-1,-1,-1,-1
994,-1,,,-1,-1,-1,-1,-1,-1,-1,-1,-1,-1,-1,-1,-1,-1,-1,-1
995,-1,,,-1,-1,-1,-1,-1,-1,-1,-1,-1,-1,-1,-1,-1,-1,-1,-1
996,-1,,,-1,-1,-1,-1,-1,-1,-1,-1,-1,-1,-1,-1,-1,-1,-1,-1
997,-1,,,-1,-1,-1,-1,-1,-1,-1,-1,-1,-1,-1,-1,-1,-1,-1,-1
998,-1,,,-1,-1,-1,-1,-1,-1,-1,-1,-1,-1,-1,-1,-1,-1,-1,-1
999,-1,,,-1,-1,-1,-1,-1,-1,-1,-1,-1,-1,-1,-1,-1,-1,-1,-1
1000,-1,,,-1,-1,-1,-1,-1,-1,-1,-1,-1,-1,-1,-1,-1,-1,-1,-1
1001,-1,,,-1,-1,-1,-1,-1,-1,-1,-1,-1,-1,-1,-1,-1,-1,-1,-1
1002,-1,,,-1,-1,-1,-1,-1,-1,-1,-1,-1,-1,-1,-1,-1,-1,-1,-1
1003,-1,,,-1,-1,-1,-1,-1,-1,-1,-1,-1,-1,-1,-1,-1,-1,-1,-1
1004,-1,,,-1,-1,-1,-1,-1,-1,-1,-1,-1,-1,-1,-1,-1,-1,-1,-1